season,game_id,team,implied,anch_edge,fund_edge,tt_under,tt_over,pts,bet,homeTeam,awayTeam
2025,401754516,Stanford,24.5,5.229982451920456,7.670531769887276,0,1,20.0,OVER,Hawai'i,Stanford
2025,401762522,Boise State,33.75,-4.477400411142778,-8.023365726679828,1,0,7.0,UNDER,South Florida,Boise State
2025,401756848,Jacksonville State,16.0,2.6833508335872445,6.263808249339888,0,1,10.0,OVER,UCF,Jacksonville State
2025,401754373,NC State,37.25,-6.764395290692349,-8.937085916479898,1,0,24.0,UNDER,NC State,East Carolina
2025,401762789,Akron,21.5,2.2741519649830586,8.736478240232866,0,1,0.0,OVER,Akron,Wyoming
2025,401752793,Buffalo,13.25,4.858236687334614,8.754954570476716,0,1,10.0,OVER,Minnesota,Buffalo
2025,401762791,Miami (OH),11.5,4.132222868973784,10.929311373380663,0,1,0.0,OVER,Wisconsin,Miami (OH)
2025,401752802,Western Michigan,14.25,4.0473813417137166,8.109103886857628,0,1,6.0,OVER,Michigan State,Western Michigan
2025,401760358,Central Michigan,18.5,3.185243379465767,6.306487809911985,0,1,16.0,OVER,San José State,Central Michigan
2025,401752673,Mississippi State,37.0,-6.989034991174492,-9.919033825798412,1,0,34.0,UNDER,Southern Miss,Mississippi State
2025,401752797,Maryland,36.5,-4.2730184502950905,-6.680726815253212,1,0,39.0,UNDER,Maryland,Florida Atlantic
2025,401752797,Florida Atlantic,23.0,-3.502471083187867,0.21122921398966454,1,0,7.0,UNDER,Maryland,Florida Atlantic
2025,401752807,Nevada,5.5,4.478893379437741,8.284916288464732,0,1,11.0,OVER,Penn State,Nevada
2025,401752669,Marshall,6.5,2.9952299048994337,7.268278527497024,0,1,7.0,OVER,Georgia,Marshall
2025,401752678,Texas A&M,41.0,-7.821809360995644,-10.612444277887388,1,0,42.0,UNDER,Texas A&M,UTSA
2025,401752671,LSU,25.0,-3.808801481186986,-6.64710992652358,1,0,17.0,UNDER,Clemson,LSU
2025,401752672,Georgia State,14.0,-3.6561707581097878,0.29532643164384,1,0,7.0,UNDER,Ole Miss,Georgia State
2025,401761594,Texas State,35.25,-3.1264651179890777,-4.8074995011127655,1,0,52.0,UNDER,Texas State,Eastern Michigan
2025,401752805,Washington,37.25,-4.959336955149709,-6.704228785856401,1,0,38.0,UNDER,Washington,Colorado State
2025,401752805,Colorado State,14.75,3.9469791136423638,8.228579854300836,0,1,21.0,OVER,Washington,Colorado State
2025,401754522,Miami,24.0,3.108110753668406,6.359866581212831,0,1,27.0,OVER,Miami,Notre Dame
2025,401754522,Notre Dame,26.5,-6.1076946485609795,-8.531337364882699,1,0,24.0,UNDER,Miami,Notre Dame
2025,401752811,Penn State,47.625,-3.0373712536252313,-4.414686535847373,1,0,34.0,UNDER,Penn State,Florida International
2025,401752811,Florida International,5.875,7.22969217757859,12.867602687395713,0,1,0.0,OVER,Penn State,Florida International
2025,401754618,Syracuse,32.375,-5.080075190023347,-7.922398420482644,1,0,27.0,UNDER,Syracuse,UConn
2025,401756885,Texas Tech,53.875,-5.646990780546382,-11.387097623309273,1,0,62.0,UNDER,Texas Tech,Kent State
2025,401756885,Kent State,5.875,4.391741258444851,7.692779946758536,0,1,14.0,OVER,Texas Tech,Kent State
2025,401754524,NC State,27.75,-5.656801731347631,-7.252799447593691,1,0,35.0,UNDER,NC State,Virginia
2025,401752693,Texas,44.625,-4.795975454955219,-7.899383392611561,1,0,38.0,UNDER,Texas,San José State
2025,401752825,Illinois,25.875,3.8336198344590535,6.225166449250821,0,1,45.0,OVER,Duke,Illinois
2025,401752812,Indiana,43.5,-6.351556883203116,-5.4204619624459625,1,0,56.0,UNDER,Indiana,Kennesaw State
2025,401757227,Liberty,28.375,-4.802955871295936,-4.229727308136464,1,0,24.0,UNDER,Jacksonville State,Liberty
2025,401754525,Baylor,31.375,-6.190454983205392,-11.382109479687536,1,0,48.0,UNDER,SMU,Baylor
2025,401752694,Texas A&M,46.0,-8.76286686123796,-13.241441648247644,1,0,44.0,UNDER,Texas A&M,Utah State
2025,401752694,Utah State,11.5,3.4504603537779133,7.982880615384527,0,1,22.0,OVER,Texas A&M,Utah State
2025,401762458,Navy,40.125,-9.748732224807895,-9.851744543914105,1,0,38.0,UNDER,Navy,UAB
2025,401756881,Colorado,36.5,-3.360066413215783,-4.079264706998963,1,0,31.0,UNDER,Colorado,Delaware
2025,401756881,Delaware,13.0,1.8230850103973033,10.03489563843275,0,1,7.0,OVER,Colorado,Delaware
2025,401761603,UTSA,34.5,-6.78054141613152,-8.279906852823718,1,0,36.0,UNDER,UTSA,Texas State
2025,401756880,Cincinnati,34.25,-6.448426427266025,-10.233188581133959,1,0,34.0,UNDER,Cincinnati,Bowling Green
2025,401756880,Bowling Green,12.25,5.67303106994143,6.494363851854448,0,1,20.0,OVER,Cincinnati,Bowling Green
2025,401754637,Clemson,40.875,-7.630922783077764,-12.849071855217012,1,0,27.0,UNDER,Clemson,Troy
2025,401754637,Troy,10.625,3.1555306198890527,9.46426575156222,0,1,16.0,OVER,Clemson,Troy
2025,401752824,Oklahoma State,13.5,-3.1317309029322793,-0.5809042229562564,1,0,3.0,UNDER,Oregon,Oklahoma State
2025,401752820,Wisconsin,36.75,-3.2363515686800284,-3.3407154408782915,1,0,42.0,UNDER,Wisconsin,Middle Tennessee
2025,401752684,Florida,38.375,-3.38471981909111,-5.568567478106807,1,0,16.0,UNDER,Florida,South Florida
2025,401752684,South Florida,19.875,-3.981499831194551,-3.3157713845369265,1,0,18.0,UNDER,Florida,South Florida
2025,401752682,Arkansas,42.875,-7.6100850691323885,-9.547594316199529,1,0,56.0,UNDER,Arkansas,Arkansas State
2025,401752682,Arkansas State,18.875,4.076058963615299,7.953183676849971,0,1,14.0,OVER,Arkansas,Arkansas State
2025,401757228,Missouri State,23.125,-4.214136744597134,-0.8054684914496519,1,0,21.0,UNDER,Marshall,Missouri State
2025,401754527,North Carolina,32.625,-3.9030289077609233,-1.937761738675981,1,0,20.0,UNDER,Charlotte,North Carolina
2025,401761601,South Alabama,19.0,3.6663475655117637,7.511852895848506,0,1,31.0,OVER,South Alabama,Tulane
2025,401761601,Tulane,32.5,-4.810417685034032,-6.466668928978091,1,0,33.0,UNDER,South Alabama,Tulane
2025,401752810,Nebraska,40.625,-3.995863751024899,-5.98281010541281,1,0,68.0,UNDER,Nebraska,Akron
2025,401752810,Akron,6.875,6.47656110790628,12.198793021504358,0,1,0.0,OVER,Nebraska,Akron
2025,401752695,Vanderbilt,21.75,5.996077571506493,6.233655034164347,0,1,44.0,OVER,Virginia Tech,Vanderbilt
2025,401752814,Georgia Southern,16.625,-3.759597286776426,-3.8893819271582917,1,0,20.0,UNDER,USC,Georgia Southern
2025,401752683,Auburn,47.625,-6.668515541176369,-8.24527086494949,1,0,42.0,UNDER,Auburn,Ball State
2025,401752683,Ball State,4.875,8.602130915513733,10.153309214948578,0,1,3.0,OVER,Auburn,Ball State
2025,401752687,LSU,43.0,-8.562473234642802,-11.243542832399356,1,0,23.0,UNDER,LSU,Louisiana Tech
2025,401752681,Alabama,42.25,-3.5062732050734553,-3.17751776279448,1,0,73.0,UNDER,Alabama,UL Monroe
2025,401752681,UL Monroe,8.0,4.857201897595337,8.284476680713386,0,1,0.0,OVER,Alabama,UL Monroe
2025,401752823,UNLV,26.0,5.964379777208521,9.322753881754608,0,1,30.0,OVER,UNLV,UCLA
2025,401752823,UCLA,28.5,-8.011993662456234,-8.294828414985329,1,0,23.0,UNDER,UNLV,UCLA
2025,401757230,Sam Houston,20.375,1.396368651862094,6.916973296669607,0,1,20.0,OVER,Hawai'i,Sam Houston
2025,401756888,Kansas State,28.5,-5.181195186558295,-5.294173173126705,1,0,17.0,UNDER,Arizona,Kansas State
2025,401752703,Oklahoma,37.25,-5.390643936469104,-1.38599406248035,1,0,42.0,UNDER,Temple,Oklahoma
2025,401762817,Buffalo,36.25,-6.3247010694537735,-8.557409409470711,1,0,31.0,UNDER,Kent State,Buffalo
2025,401752839,Central Michigan,7.5,4.801006190946511,7.47037015269631,0,1,3.0,OVER,Michigan,Central Michigan
2025,401752697,South Alabama,14.75,2.4457099710100394,7.161558635342907,0,1,15.0,OVER,Auburn,South Alabama
2025,401752702,Louisiana,10.0,2.9619293809339275,6.555945043409693,0,1,10.0,OVER,Missouri,Louisiana
2025,401752938,Texas Tech,42.75,-3.908297010517927,-4.62027516457853,1,0,45.0,UNDER,Texas Tech,Oregon State
2025,401752705,Tennessee,23.5,1.6208030377618314,6.345224646038282,0,1,41.0,OVER,Tennessee,Georgia
2025,401754615,SMU,44.5,-4.29818593375424,-6.812116867659455,1,0,28.0,UNDER,Missouri State,SMU
2025,401754535,Miami,37.0,-5.848231789043883,-6.591260591855296,1,0,49.0,UNDER,Miami,South Florida
2025,401757258,Nevada,29.5,-4.290285109200742,-2.1637495349813776,1,0,13.0,UNDER,Nevada,Middle Tennessee
2025,401757258,Middle Tennessee,20.0,-3.331985784772524,1.274303443829254,1,0,14.0,UNDER,Nevada,Middle Tennessee
2025,401757234,Georgia Southern,30.75,-5.9836898833398,-6.881092910205247,1,0,41.0,UNDER,Georgia Southern,Jacksonville State
2025,401757234,Jacksonville State,27.75,4.707958859340408,8.558794821554379,0,1,34.0,OVER,Georgia Southern,Jacksonville State
2025,401761607,Southern Miss,26.75,-3.9249353364918917,-2.7380245697777355,1,0,38.0,UNDER,Southern Miss,App State
2025,401752700,Ole Miss,32.0,5.26339761664461,6.552093161745738,0,1,41.0,OVER,Ole Miss,Arkansas
2025,401752698,Eastern Michigan,11.5,2.9947300225906925,6.1900888248063275,0,1,23.0,OVER,Kentucky,Eastern Michigan
2025,401752830,Iowa,40.0,-4.672610323311815,-6.623886617285301,1,0,47.0,UNDER,Iowa,Massachusetts
2025,401752830,Massachusetts,4.5,7.300038235246381,10.670326002975091,0,1,7.0,OVER,Iowa,Massachusetts
2025,401752699,LSU,26.25,-3.8418736249772536,-3.6545840499883298,1,0,20.0,UNDER,LSU,Florida
2025,401756895,Wyoming,11.5,4.027492364559064,6.773428668273777,0,1,6.0,OVER,Wyoming,Utah
2025,401756889,Arizona State,40.0,-5.731209044734477,-6.332119022900656,1,0,34.0,UNDER,Arizona State,Texas State
2025,401756889,Texas State,21.5,-4.0568366360399715,0.28604617412149835,1,0,15.0,UNDER,Arizona State,Texas State
2025,401752840,California,18.75,7.837665172056358,6.819576587923965,0,1,27.0,OVER,California,Minnesota
2025,401754533,Stanford,15.25,7.524574817066448,7.322720262093625,0,1,30.0,OVER,Stanford,Boston College
2025,401762468,Charlotte,20.25,1.2094311965551405,6.068780590833228,0,1,17.0,OVER,Charlotte,Rice
2025,401762468,Rice,21.75,6.92925276327253,6.7818154454247725,0,1,28.0,OVER,Charlotte,Rice
2025,401756900,Oklahoma State,32.25,-3.9068420507884163,-7.575110388811101,1,0,12.0,UNDER,Oklahoma State,Tulsa
2025,401756900,Tulsa,22.25,7.539556439885754,6.09147014298178,0,1,19.0,OVER,Oklahoma State,Tulsa
2025,401754642,Louisville,38.5,-4.842820369811321,-8.077990977919516,1,0,40.0,UNDER,Louisville,Bowling Green
2025,401754642,Bowling Green,12.0,-0.853060512592192,6.246859726590298,0,1,17.0,OVER,Louisville,Bowling Green
2025,401752845,Maryland,17.0,2.106826010405456,7.7775247656141175,0,1,27.0,OVER,Wisconsin,Maryland
2025,401754537,Clemson,35.5,-3.0791830312230175,-7.870435772729646,1,0,21.0,UNDER,Clemson,Syracuse
2025,401754636,TCU,35.0,-6.08003558109446,-6.2013365294926395,1,0,35.0,UNDER,TCU,SMU
2025,401752708,Arkansas,33.25,-4.234738095284317,-5.719549563778287,1,0,31.0,UNDER,Memphis,Arkansas
2025,401752715,Tennessee,53.75,-3.158307786464043,-5.403321182656818,1,0,56.0,UNDER,Tennessee,UAB
2025,401757262,Liberty,19.5,4.0462211668106605,6.466574640451682,0,1,13.0,OVER,Liberty,James Madison
2025,401752846,Michigan,24.5,6.164227767360789,6.273506402344054,0,1,30.0,OVER,Nebraska,Michigan
2025,401754541,Kent State,5.75,-0.4872605420692162,6.316549626230126,0,1,10.0,OVER,Florida State,Kent State
2025,401754640,North Carolina,19.75,-3.881247029201262,-1.138159116550991,1,0,9.0,UNDER,UCF,North Carolina
2025,401754640,North Carolina,19.75,-3.881247029201262,-1.138159116550991,1,0,9.0,UNDER,UCF,North Carolina
2025,401752712,Mississippi State,36.25,-3.6727790255174497,-2.3062954127963735,1,0,38.0,UNDER,Mississippi State,Northern Illinois
2025,401754542,Temple,14.0,3.643489340457222,7.88314807635285,0,1,24.0,OVER,Georgia Tech,Temple
2025,401757259,Florida International,29.25,-4.24823268895063,-5.552094979257113,1,0,16.0,UNDER,Florida International,Delaware
2025,401760372,Air Force,20.25,4.770450866891011,8.509691749079003,0,1,37.0,OVER,Air Force,Boise State
2025,401752713,Missouri,29.25,-3.3207391406663795,-2.185894998459773,1,0,29.0,UNDER,Missouri,South Carolina
2025,401752709,Miami,30.0,-4.146000924631842,-4.532914538330278,1,0,26.0,UNDER,Miami,Florida
2025,401752709,Florida,21.5,-5.477815357749392,-4.015226571922501,1,0,7.0,UNDER,Miami,Florida
2025,401752842,Washington State,15.5,2.4108975249088935,7.426191331748058,0,1,24.0,OVER,Washington State,Washington
2025,401752723,Texas,45.5,-7.031843893799945,-7.782111667771311,1,0,55.0,UNDER,Texas,Sam Houston
2025,401760373,UTSA,31.75,-3.272185273160229,-3.0423771154665076,1,0,17.0,UNDER,Colorado State,UTSA
2025,401754540,San Diego State,16.5,4.908230811362433,6.624233228123899,0,1,34.0,OVER,San Diego State,California
2025,401760374,Fresno State,25.0,7.040415679945468,8.992296526040775,0,1,23.0,OVER,Hawai'i,Fresno State
2025,401754543,Virginia,26.75,-5.201264452144734,-5.279553732333341,1,0,46.0,UNDER,Virginia,Florida State
2025,401754543,Florida State,33.75,-4.33460960138126,-5.021504453552698,1,0,38.0,UNDER,Virginia,Florida State
2025,401752850,Illinois,28.0,-3.163188873350162,-4.444582083497579,1,0,34.0,UNDER,Illinois,USC
2025,401752717,Arkansas,29.0,-3.544590882804986,-3.0480119369956213,1,0,13.0,UNDER,Arkansas,Notre Dame
2025,401756905,Cincinnati,25.25,-3.27847845761562,-2.3854994133662224,1,0,37.0,UNDER,Kansas,Cincinnati
2025,401761616,UL Monroe,28.5,-3.257008065161539,-3.4705668310137767,1,0,28.0,UNDER,UL Monroe,Arkansas State
2025,401756908,West Virginia,16.5,8.155914798409565,7.998528210821998,0,1,14.0,OVER,West Virginia,Utah
2025,401752719,LSU,27.75,-3.3326340855255587,-0.31388210821078744,1,0,19.0,UNDER,Ole Miss,LSU
2025,401752719,LSU,27.75,-3.3326340855255587,-0.31388210821078744,1,0,19.0,UNDER,Ole Miss,LSU
2025,401757274,New Mexico,35.0,-6.1945555535428625,-6.3854561513853625,1,0,38.0,UNDER,New Mexico,New Mexico State
2025,401757273,Missouri State,28.0,-3.533046537480569,-1.1297555154806673,1,0,22.0,UNDER,Missouri State,Western Kentucky
2025,401752854,Penn State,28.5,-3.5285322511037833,-3.4138105629494326,1,0,24.0,UNDER,Penn State,Oregon
2025,401752721,Missouri,50.75,-7.373558528166441,-6.1085679337511465,1,0,42.0,UNDER,Missouri,Massachusetts
2025,401752721,Massachusetts,6.25,6.726250232241741,7.18595127348752,0,1,6.0,OVER,Missouri,Massachusetts
2025,401761615,Louisiana,23.25,-3.7890568603671824,-2.140763806501912,1,0,54.0,UNDER,Louisiana,Marshall
2025,401757275,Sam Houston,27.25,-3.4426589635099774,-2.876013471526832,1,0,10.0,UNDER,New Mexico State,Sam Houston
2025,401760384,New Mexico,28.25,-5.353480608903233,-4.910235078477935,1,0,28.0,UNDER,San José State,New Mexico
2025,401756912,Cincinnati,28.5,-3.36985581297845,-2.9816220222788523,1,0,38.0,UNDER,Cincinnati,Iowa State
2025,401754552,Clemson,31.5,-3.1033325499626265,-1.8652798374661188,1,0,38.0,UNDER,North Carolina,Clemson
2025,401760381,Air Force,18.75,2.851642699979159,6.053008907980427,0,1,31.0,OVER,Navy,Air Force
2025,401754555,SMU,37.0,-4.709748812596523,-4.554853805785164,1,0,31.0,UNDER,SMU,Syracuse
2025,401757165,Notre Dame,42.5,-4.046584432722355,-5.037149866454719,1,0,28.0,UNDER,Notre Dame,Boise State
2025,401752855,UCLA,11.75,3.38317880147523,6.7512767812217795,0,1,42.0,OVER,UCLA,Penn State
2025,401754554,Louisville,33.25,-4.114926024360365,-4.880042234269499,1,0,27.0,UNDER,Louisville,Virginia
2025,401754554,Virginia,26.75,-3.1603529304431497,-1.6474043791960504,1,0,30.0,UNDER,Louisville,Virginia
2025,401752729,Kent State,3.5,4.465426597549205,8.098549380106363,0,1,0.0,OVER,Oklahoma,Kent State
2025,401752860,Michigan State,18.0,4.762315472250819,7.288491934905579,0,1,27.0,OVER,Nebraska,Michigan State
2025,401754553,Florida State,25.5,-5.490960238026091,-1.8735457205596262,1,0,22.0,UNDER,Florida State,Miami
2025,401752862,Rutgers,26.5,-3.200332199027091,-2.484951182477822,1,0,19.0,UNDER,Washington,Rutgers
2025,401754559,Florida State,33.75,-3.0572255206619445,-2.4317196887026853,1,0,31.0,UNDER,Florida State,Pittsburgh
2025,401756917,UCF,22.5,2.6664515668984414,6.468519410806078,0,1,11.0,OVER,Cincinnati,UCF
2025,401761625,James Madison,31.75,-4.131195362543316,0.35648152977961445,1,0,24.0,UNDER,James Madison,Louisiana
2025,401761625,Louisiana,13.25,5.460104337669652,7.2048196367331805,0,1,14.0,OVER,James Madison,Louisiana
2025,401760386,Air Force,29.25,-3.630811135413463,-2.882221654254156,1,0,48.0,UNDER,UNLV,Air Force
2025,401761626,Old Dominion,36.0,-5.2064427480645215,-6.325117762237522,1,0,24.0,UNDER,Marshall,Old Dominion
2025,401761624,Georgia State,26.25,-4.049991766882911,-4.314923778671261,1,0,20.0,UNDER,Georgia State,App State
2025,401762482,Florida Atlantic,35.25,-3.3566883403766283,-0.802624232382712,1,0,53.0,UNDER,Florida Atlantic,UAB
2025,401761623,Coastal Carolina,21.75,4.275516293805694,8.046656383887715,0,1,23.0,OVER,Coastal Carolina,UL Monroe
2025,401754558,Boston College,20.25,3.6647403507003773,8.058882642731163,0,1,10.0,OVER,Boston College,Clemson
2025,401760387,Boise State,36.5,-3.6088788780852212,-7.300314266009167,1,0,41.0,UNDER,Boise State,New Mexico
2025,401757283,Delaware,29.25,-3.775610182186753,-4.919604732200057,1,0,25.0,UNDER,Jacksonville State,Delaware
2025,401752872,Minnesota,20.25,2.4011556611653546,6.099769791097767,0,1,24.0,OVER,Minnesota,Nebraska
2025,401754566,Duke,32.0,-3.015448909522412,-2.625733165814083,1,0,18.0,UNDER,Duke,Georgia Tech
2025,401762839,Central Michigan,20.25,-4.524126644917132,-2.8558385822588654,1,0,27.0,UNDER,Bowling Green,Central Michigan
2025,401761632,Texas State,34.25,-6.128776080129182,-9.035881638009588,1,0,37.0,UNDER,Marshall,Texas State
2025,401762489,Charlotte,19.0,4.564247132956645,6.682409217916547,0,1,14.0,OVER,Charlotte,Temple
2025,401762491,North Texas,34.0,-3.121224866106843,-4.047126817658324,1,0,55.0,UNDER,North Texas,UTSA
2025,401760393,Boise State,37.0,-3.5512035836733844,-5.84943836682756,1,0,56.0,UNDER,Boise State,UNLV
2025,401760393,Boise State,37.0,-3.5512035836733844,-5.84943836682756,1,0,56.0,UNDER,Boise State,UNLV
2025,401760393,Boise State,37.0,-3.5512035836733844,-5.84943836682756,1,0,56.0,UNDER,Boise State,UNLV
2025,401760393,Boise State,37.0,-3.5512035836733844,-5.84943836682756,1,0,56.0,UNDER,Boise State,UNLV
2025,401752951,Virginia,36.5,-3.0008703896360345,-4.021375508390747,1,0,22.0,UNDER,Virginia,Washington State
2025,401752871,Notre Dame,35.5,-3.290333258535206,-3.8953038243975477,1,0,34.0,UNDER,Notre Dame,USC
2025,401762490,South Florida,46.5,-3.4155807953268678,-6.0009069593492015,1,0,48.0,UNDER,South Florida,Florida Atlantic
2025,401756926,Cincinnati,40.5,-3.575850089811638,-3.710657519374898,1,0,49.0,UNDER,Oklahoma State,Cincinnati
2025,401752884,Rutgers,29.0,-3.469487648860113,-0.8589226376483943,1,0,27.0,UNDER,Purdue,Rutgers
2025,401761635,Old Dominion,38.0,-5.642811842624461,-5.951826722676003,1,0,24.0,UNDER,Old Dominion,App State
2025,401761635,App State,24.5,-3.1604967342033063,-1.0136359223505593,1,0,21.0,UNDER,Old Dominion,App State
2025,401756930,Baylor,32.5,-3.5423037776029176,-4.088674996643615,1,0,20.0,UNDER,Cincinnati,Baylor
2025,401756933,Oklahoma State,9.5,-3.0076279386520275,-0.09205378589113877,1,0,0.0,UNDER,Texas Tech,Oklahoma State
2025,401754572,Miami,37.0,-3.4064090299899448,-2.426535747400635,1,0,42.0,UNDER,Miami,Stanford
2025,401752748,Texas A&M,26.0,-4.239604493986182,-2.140153277322593,1,0,49.0,UNDER,LSU,Texas A&M
2025,401762443,Tulane,30.25,-3.076711070025823,-4.215955521669166,1,0,26.0,UNDER,UTSA,Tulane
2025,401761640,Coastal Carolina,24.25,-4.960219638678424,-5.593170673830166,1,0,44.0,UNDER,Coastal Carolina,Marshall
2025,401754581,Miami,29.5,-3.2093364880540065,-5.19006352308331,1,0,20.0,UNDER,SMU,Miami
2025,401754577,Clemson,29.5,-3.8151527825748808,-0.8375490733621191,1,0,45.0,UNDER,Clemson,Duke
2025,401752887,Indiana,35.75,-4.960701562337636,-3.6845702587085185,1,0,55.0,UNDER,Maryland,Indiana
2025,401752753,Arkansas,36.0,-4.171036639363763,-5.220585899742591,1,0,35.0,UNDER,Arkansas,Mississippi State
2025,401762850,Central Michigan,19.0,-3.945941716713346,-0.5173027695002403,1,0,21.0,UNDER,Western Michigan,Central Michigan
2025,401752757,Oklahoma,26.25,-3.1510554474557217,-1.4237545008578216,1,0,33.0,UNDER,Tennessee,Oklahoma
2025,401762852,Ohio,26.5,-4.521574506667193,-1.7498192417262928,1,0,24.0,UNDER,Ohio,Miami (OH)
2025,401761644,Georgia Southern,28.5,-3.0729488694602196,-2.7485826855886266,1,0,25.0,UNDER,App State,Georgia Southern
2025,401761644,Georgia Southern,28.5,-3.0729488694602196,-2.7485826855886266,1,0,25.0,UNDER,App State,Georgia Southern
2025,401762500,South Florida,40.25,-5.97998038842848,-11.083596680286782,1,0,55.0,UNDER,South Florida,UTSA
2025,401761646,James Madison,33.5,-4.382376005225343,-7.712763423239931,1,0,35.0,UNDER,Marshall,James Madison
2025,401752893,Penn State,18.25,3.768482822219962,7.068020554726353,0,1,24.0,OVER,Penn State,Indiana
2025,401752893,Indiana,32.25,-3.107815430529662,-6.559221328641733,1,0,27.0,UNDER,Penn State,Indiana
2025,401757299,Missouri State,22.0,-3.365208006932413,-1.7010694091784693,1,0,21.0,UNDER,Liberty,Missouri State
2025,401752894,Rutgers,29.0,-3.215602613957376,-3.7359921569885266,1,0,35.0,UNDER,Rutgers,Maryland
2025,401756944,TCU,33.0,-3.2403042983283967,-2.8729535229788397,1,0,17.0,UNDER,TCU,Iowa State
2025,401757298,Kennesaw State,32.0,-3.577188495169761,-4.512290805118248,1,0,24.0,UNDER,New Mexico State,Kennesaw State
2025,401761648,Texas State,33.5,-4.041717240009028,-4.590848928428489,1,0,39.0,UNDER,Louisiana,Texas State
2025,401760406,San José State,36.75,-3.9501326864958486,-5.650981679035407,1,0,16.0,UNDER,San José State,Air Force
2025,401754586,Florida State,27.5,-4.301791702201584,-1.3374222771124344,1,0,10.0,UNDER,Clemson,Florida State
2025,401757166,Notre Dame,42.5,-5.07106944458998,-4.521750559178159,1,0,49.0,UNDER,Notre Dame,Navy
2025,401752895,Nebraska,21.75,6.22446671168127,8.799160005539246,0,1,28.0,OVER,UCLA,Nebraska
2025,401762859,Massachusetts,17.0,0.9315987259115204,6.794228880890614,0,1,3.0,OVER,Massachusetts,Northern Illinois
2025,401752901,Indiana,35.75,-3.0518440710254495,-4.287739378291931,1,0,31.0,UNDER,Indiana,Wisconsin
2025,401752901,Wisconsin,7.75,2.252692912747122,6.403759834224802,0,1,7.0,OVER,Indiana,Wisconsin
2025,401752772,Texas A&M,33.0,-3.2868672194524216,-3.746536125164557,1,0,31.0,UNDER,Texas A&M,South Carolina
2025,401752768,Arkansas,27.25,-5.810655040228841,-4.006323585946696,1,0,22.0,UNDER,LSU,Arkansas
2025,401752906,Illinois,34.0,-3.3815687299726847,-3.298402023726176,1,0,24.0,UNDER,Illinois,Maryland
2025,401754593,Duke,32.75,-3.200280251369577,-3.0180577891834375,1,0,17.0,UNDER,Duke,Virginia
2025,401754592,Georgia Tech,39.0,-3.0552900130546377,-5.569456337794328,1,0,36.0,UNDER,Boston College,Georgia Tech
2025,401761654,Texas State,31.25,-3.922242062863411,-2.474043887397322,1,0,41.0,UNDER,Southern Miss,Texas State
2025,401752771,Tennessee,50.75,-3.7454198229230187,-5.480498894661146,1,0,42.0,UNDER,Tennessee,New Mexico State
2025,401761650,Georgia Southern,31.25,-3.197078838248732,-3.076229175748491,1,0,45.0,UNDER,Georgia Southern,Coastal Carolina
2025,401760414,Utah State,32.0,-3.8696990291149653,-7.284191534119223,1,0,26.0,UNDER,UNLV,Utah State
2025,401752900,UCLA,6.75,4.972189029214469,8.187031134438937,0,1,10.0,OVER,Ohio State,UCLA
2025,401757302,Kennesaw State,29.75,-5.153916778760557,-7.01860139786724,1,0,26.0,UNDER,Jacksonville State,Kennesaw State
2025,401757302,Kennesaw State,29.75,-5.153916778760557,-7.01860139786724,1,0,26.0,UNDER,Jacksonville State,Kennesaw State
2025,401757302,Kennesaw State,29.75,-5.153916778760557,-7.01860139786724,1,0,26.0,UNDER,Jacksonville State,Kennesaw State
2025,401757302,Kennesaw State,29.75,-5.153916778760557,-7.01860139786724,1,0,26.0,UNDER,Jacksonville State,Kennesaw State
2025,401752953,Louisiana Tech,16.75,4.103756586149068,6.941742736547759,0,1,3.0,OVER,Washington State,Louisiana Tech
2025,401761655,Arkansas State,28.5,-4.271923143891499,-2.682544304962594,1,0,30.0,UNDER,Arkansas State,Louisiana
2025,401760418,Hawai'i,31.0,-3.2887175493779495,-6.0161982847563,1,0,10.0,UNDER,UNLV,Hawai'i
2025,401752912,Rutgers,13.0,-3.8570475283167056,1.2318015601516326,1,0,9.0,UNDER,Ohio State,Rutgers
2025,401754606,Delaware,16.0,1.9732709312400374,6.285018929558863,0,1,14.0,OVER,Wake Forest,Delaware
2025,401761656,App State,26.25,-4.855594820241446,-5.135077914532033,1,0,26.0,UNDER,App State,Marshall
2025,401757305,Florida International,29.25,-5.284283553747883,-5.945194848461821,1,0,27.0,UNDER,Florida International,Jacksonville State
2025,401762513,UTSA,32.25,-3.2298544693948763,-3.7883190349923375,1,0,58.0,UNDER,UTSA,East Carolina
2025,401752780,Arkansas,24.75,-3.0512334964104966,-4.398349605786553,1,0,37.0,UNDER,Texas,Arkansas
2025,401756960,Utah,35.0,-3.805949756148493,-3.4152231841384157,1,0,51.0,UNDER,Utah,Kansas State
2025,401752779,South Carolina,37.0,-3.4430881284595785,-5.464377671409714,1,0,51.0,UNDER,South Carolina,Coastal Carolina
2025,401760416,Colorado State,14.0,5.421322858278771,7.2358997349156695,0,1,21.0,OVER,Boise State,Colorado State
2025,401754601,Pittsburgh,29.5,-3.6890345416985824,-3.5087339983826205,1,0,42.0,UNDER,Georgia Tech,Pittsburgh
2025,401752775,Florida,27.0,-3.255031633082119,-0.5572718106009269,1,0,11.0,UNDER,Florida,Tennessee
2025,401752777,LSU,38.5,-3.9967430352405557,-3.9547079986555147,1,0,13.0,UNDER,LSU,Western Kentucky
2025,401762516,Navy,27.0,-3.022516023390022,-2.128232937173866,1,0,28.0,UNDER,Memphis,Navy
2025,401752916,Nebraska,16.5,5.6473090745773185,6.957784216161233,0,1,16.0,OVER,Nebraska,Iowa
2025,401762870,Buffalo,18.75,6.013195824002818,6.462533035123229,0,1,26.0,OVER,Buffalo,Ohio
2025,401760421,Air Force,25.0,7.688401361489817,7.0936247455578325,0,1,42.0,OVER,Colorado State,Air Force
2025,401757310,UTEP,25.5,-3.215854930697521,-0.6118554648099206,1,0,31.0,UNDER,Delaware,UTEP
2025,401761664,Georgia State,15.0,4.799387586987972,6.649451321838939,0,1,10.0,OVER,Old Dominion,Georgia State
2025,401752789,LSU,12.5,4.144341972519708,7.500543619156794,0,1,13.0,OVER,Oklahoma,LSU
2025,401757313,Kennesaw State,29.0,-4.472339748576889,-6.209329156276407,1,0,48.0,UNDER,Liberty,Kennesaw State
2025,401761666,Southern Miss,28.75,-3.0110334421600875,-3.6515800250001007,1,0,18.0,UNDER,Southern Miss,Troy
2025,401752946,Oregon State,14.25,3.439509209502738,6.879873494634232,0,1,8.0,OVER,Washington State,Oregon State
2025,401754614,Stanford,8.5,3.9194689100488187,7.3274592881804566,0,1,20.0,OVER,Stanford,Notre Dame
2025,401760423,Fresno State,24.5,6.271209453600502,7.782715405332546,0,1,41.0,OVER,San José State,Fresno State
2025,401777325,Kennesaw State,32.75,-6.707742261126295,-7.986521245791874,1,0,19.0,UNDER,Jacksonville State,Kennesaw State
2025,401777325,Kennesaw State,32.75,-6.707742261126295,-7.986521245791874,1,0,19.0,UNDER,Jacksonville State,Kennesaw State
2025,401777325,Kennesaw State,32.75,-6.707742261126295,-7.986521245791874,1,0,19.0,UNDER,Jacksonville State,Kennesaw State
2025,401777325,Kennesaw State,32.75,-6.707742261126295,-7.986521245791874,1,0,19.0,UNDER,Jacksonville State,Kennesaw State
2025,401762521,Navy,21.875,8.345631452604923,9.704535169297678,0,1,17.0,OVER,Navy,Army
2025,401762521,Army,15.875,2.941168566302359,6.7491842739073356,0,1,16.0,OVER,Navy,Army
