key,family,phase,market,note,n,win,base_win,edge,roi,base_roi,z,seasons_pos,by_season,disc_roi,disc_n,val_roi,val_n,search_p,tier
m9_predl_tank_fav,deadline,all,fg_spread_fav,CONTROL: the same flag BEFORE the deadline,308,58.76623376623377,50.04071661237784,8.725517153855922,12.192510877799217,-4.457086968606994,3.0607640827550684,4,+15/+3/+23/+8,8.748991264814055,158,15.819684870143591,150,0.03,TRACK
m6_dead_and_tired_over,load,gp50,fg_total_over,,170,60.0,51.0351966873706,8.9648033126294,14.545762795897717,-2.563142643408296,2.337307161088884,3,+54/+3/+10/-1,28.15598911489323,73,4.303015153767072,97,0.265,TRACK
m9_postdl_tank_fav,deadline,postdl,fg_spread_fav,,308,58.76623376623377,52.41801000555865,6.34822376067512,12.192510877799217,0.07031412728364284,2.231343385896101,4,+15/+3/+23/+8,8.748991264814055,158,15.819684870143591,150,0.325,TRACK
m6_dead_and_tired_fav,load,gp50,fg_spread_fav,,170,60.588235294117645,52.650727650727646,7.937507643389996,15.670040699722307,0.5148460130207324,2.0729916940522735,4,+17/+8/+23/+14,12.477185422390905,73,18.07291116616758,97,0.465,TRACK
m10_final2wk_fav,fatigue,all,fg_spread_fav,,274,56.20437956204379,50.04071661237784,6.163662949665949,7.321895576619928,-4.457086968606994,2.0423671179469274,3,-13/+4/+16/+24,-4.548273646406014,140,19.72356491410972,134,0.4875,TRACK
m10_final2wk_over,fatigue,all,fg_total_over,,273,56.776556776556774,50.70193285859613,6.074623917960642,8.384296647614482,-3.2059075332328733,2.006412718850703,4,+5/+12/+16/+1,8.493607366721271,139,8.27090717033207,134,0.5125,TRACK
m2_alive_h1_fav,half,gp50,h1_spread_fav,exactly one side is done,368,55.97826086956522,50.83333333333333,5.144927536231892,6.75994695769913,-3.0685445062226737,1.9776232265600466,3,  ./+1/+4/+15,1.3127000826326012,122,9.46142711525245,246,0.5325,-
m5_tank_late_fav,depth,veryLate,fg_spread_fav,,265,58.867924528301884,53.64635364635365,5.221570881948234,12.377426698441072,2.419143989773119,1.702748995160322,4,+10/+2/+34/+4,5.9095864752799105,137,19.30003693729325,128,0.7825,WATCH
m10_final2wk_tt_over,fatigue,all,tt_home_over,,201,56.21890547263681,50.48701298701299,5.731892485623824,6.3486085948384865,-4.85574382284728,1.6830162897679644,3,  ./+11/+1/+8,10.776905633783027,68,4.084516875678875,133,0.81,-
m8_bigline_h1_fav,half,all,h1_spread_fav,"the 1H spread is scaled off the full-game one, but a blowout builds late",1116,52.32974910394266,49.87728388328333,2.452465220659322,-0.2969953527196132,-4.932817992431052,1.6248604197675087,1,  ./-1/+0/-0,-0.9428184923129073,342,-0.011631639876064397,774,0.855,-
m9_justafter_dl_dog,deadline,all,fg_spread_dog,,444,53.6036036036036,49.95928338762215,3.64432021598145,2.3736369649160056,-4.565055487379154,1.5307451890088941,2,-11/-2/+15/+7,-6.311463679319916,218,10.751300418205522,226,0.9,-
m7_bigfav_a_tt_over,teamtotal,all,tt_away_over,,443,54.85327313769752,51.392268180589355,3.4610049571081714,3.6683444153470295,-3.1499087547006153,1.5209103056665503,2,  ./-9/+3/+15,-8.690224205917147,133,8.970569017373275,310,0.9025,-
m3_bubble_away_back,playin,gp50,fg_spread_away,,135,55.55555555555556,50.05197505197505,5.503580503580507,6.073690332949598,-4.440660620172386,1.2797480663704441,1,+9/  ./-4/  .,8.248277062710057,97,0.5227715754031576,38,0.98,-
m10_final2wk_h1_over,fatigue,all,h1_total_over,,201,54.72636815920397,50.421998366457935,4.304369792746043,4.361413814072044,-3.840378850056715,1.219436670498705,2,  ./+12/+4/-3,12.151126864247216,68,0.3787033824035355,133,0.9925,-
m9_postdl_dead_over,deadline,postdl,fg_total_over,,327,54.43425076452599,51.08033240997229,3.3539183545536977,3.9213688029724887,-2.4798813912793083,1.212912006929476,2,+14/-3/-1/+6,5.17901274644669,167,2.608702936971289,160,0.9925,-
m1_alive_vs_dead_tt,teamtotal,gp50,tt_home_over,the live team facing a dead one,185,54.59459459459459,50.27510316368639,4.319491430908206,3.392684346181757,-4.716368031300951,1.1637233887082208,2,  ./+8/-10/+12,7.685518336673786,58,1.432177484382247,127,0.9975,-
m7_bigdog_tt_over,teamtotal,all,tt_home_over,big home dogs -- garbage time cuts both ways and the market may over-fade them,444,52.92792792792793,50.48701298701299,2.44091494091494,0.23459228770580068,-4.85574382284728,1.1364268201663288,1,  ./-6/-5/+10,-6.36296139361427,134,3.086438072534478,310,0.9975,-
m1_tank_a_opp_tt_over,teamtotal,gp50,tt_home_over,,223,53.81165919282511,50.27510316368639,3.5365560291387266,1.8573479293741832,-4.716368031300951,1.0357552890054227,1,  ./-2/-6/+13,-1.5390741044466516,71,3.4438345372773385,152,0.9975,-
m2_dead_h_h1_fav,half,gp50,h1_spread_fav,,244,53.68852459016394,50.83333333333333,2.8551912568306026,2.423903295430448,-3.0685445062226737,0.8998987143043397,2,  ./-9/+10/+7,-9.37492139251975,84,8.6182862566043,160,1.0,-
m1_alive_vs_dead_tt_a,teamtotal,gp50,tt_away_over,,188,54.78723404255319,51.5818431911967,3.2053908513564933,3.8814926161710908,-2.323602394529702,0.8988679414713148,1,  ./-1/-3/+17,-1.4585935350988053,67,6.838399823899052,121,1.0,-
m7_tt_away_lo,teamtotal,all,tt_away_over,,462,53.67965367965368,51.392268180589355,2.2873854990643316,0.7174444284439733,-3.1499087547006153,0.8809747067607271,2,  ./+7/-8/+6,6.790286758129235,181,-3.194244047260769,281,1.0,-
m7_bigfav_tt_under,teamtotal,all,tt_home_under,a big favourite sits its starters in the fourth,902,50.77605321507761,49.457700650759215,1.3183525643183924,-3.558197742504373,-6.051654580026514,0.7875373581131953,1,  ./-11/-1/+1,-10.938704314182083,285,-0.14904965023833014,617,1.0,-
m5_rank_bottom_fav,depth,gp50,fg_spread_fav,,377,54.64190981432361,52.650727650727646,1.9911821635959615,4.30872083131513,0.5148460130207324,0.7727966905086363,3,+16/-13/+8/+7,1.308175735388216,196,7.557929885468033,181,1.0,-
m7_tt_home_hi,teamtotal,all,tt_home_under,,624,50.96153846153846,49.457700650759215,1.5038378107792405,-3.1729480218859787,-6.051654580026514,0.7562331879250415,1,  ./-11/+2/-1,-10.529534651844246,205,0.4263366061365607,419,1.0,-
m7_tt_home_lo,teamtotal,all,tt_home_over,,597,52.26130653266332,50.48701298701299,1.7742935456503295,-2.0218631322168363,-4.85574382284728,0.7336218501902543,1,  ./-5/-6/+11,-4.835418230898066,235,-0.195383993570181,362,1.0,-
m5_gb6_10to20_fav,depth,gp50,fg_spread_fav,home 10-20 games out of the 6 seed,281,54.804270462633454,52.650727650727646,2.1535428119058064,4.637636555931878,0.5148460130207324,0.7250300594990698,3,+11/+6/+6/-3,8.070272800766176,129,1.724412374460664,152,1.0,-
m5_gb6_20plus_over,depth,gp50,fg_total_over,,177,53.672316384180796,51.0351966873706,2.6371196968101973,2.4585156718573025,-2.563142643408296,0.7000078257052125,2,  ./+3/-14/+6,8.019841095649888,76,-1.7262440529767225,101,1.0,-
m8_b2b_away_h1_under,half,all,h1_total_under,,666,50.750750750750754,49.578001633542065,1.172749117208688,-3.0757466066638908,-5.310988353761628,0.6040582276292185,1,  ./+4/-5/-8,4.209781429476674,216,-6.572800064011362,450,1.0,-
m1_tank_h_tt_over,teamtotal,gp50,tt_home_over,,230,52.17391304347826,50.27510316368639,1.898809879791874,-1.1281954356832427,-4.716368031300951,0.5741574919460269,1,  ./-9/-16/+23,-9.103623140349958,81,3.207439759471146,149,1.0,-
m6_away_longtrip_tt_under,load,all,tt_away_under,a team deep into a road trip should be the one that stops scoring,753,49.667994687915005,48.61788617886179,1.0501085090532158,-5.583222110963091,-7.54270369236876,0.5646120460070831,1,  ./+1/-11/-7,0.6815237241318881,264,-8.965416181443816,489,1.0,-
m5_gb6_10to20_over,depth,gp50,fg_total_over,,283,52.65017667844523,51.0351966873706,1.6149799910746276,0.5258439093171853,-2.563142643408296,0.5444754950739059,2,-10/-17/+13/+13,-14.011617446731945,131,13.05484020959637,152,1.0,-
m1_tank_h_opp_tt_over,teamtotal,gp50,tt_away_over,quitting is a DEFENSIVE collapse -- the opponent is the cleaner expression,231,53.246753246753244,51.5818431911967,1.6649100555565455,0.9132861746063635,-2.323602394529702,0.5197593013276003,2,  ./-5/+0/+8,-4.532457237044869,81,3.8539876168980287,150,1.0,-
m8_bigline_h1_over,half,all,h1_total_over,,1116,51.16487455197133,50.421998366457935,0.742876185513397,-2.4289841237754946,-3.840378850056715,0.4944621163639879,1,  ./-0/-8/+1,-0.25580390365487543,342,-3.3892265466194877,774,1.0,-
m8_h1_share_hi,half,all,h1_total_under,the 1H total is a bigger share of the game total than usual,2036,49.950884086444006,49.578001633542065,0.3728824529019459,-4.578318386909144,-5.310988353761628,0.34618995780333744,0,  ./-5/-6/-3,-4.973353730008137,649,-4.393474884622736,1387,1.0,-
m4_both_clinched_over,clinch,veryLate,fg_total_over,,219,54.794520547945204,53.90781563126252,0.886704916682679,4.61370630724863,2.917540206811862,0.26376248353534504,2,-11/+21/+20/-11,9.383785151906862,89,1.348036944367224,130,1.0,-
m2_dead_h_h1_over,half,gp50,h1_total_over,,245,51.02040816326531,50.51903114186851,0.5013770213967983,-2.70211635679168,-3.6668343075605856,0.15837864559791143,1,  ./-6/-13/+11,-5.824016979006679,85,-1.0436066512399622,160,1.0,-
m1_tank_a_tt_under,teamtotal,gp50,tt_away_under,,223,48.87892376681614,48.38487972508591,0.494044041730235,-7.2582891556330535,-8.212812764957318,0.1503303606630221,0,  ./-15/-1/-6,-14.81381757055375,71,-3.72906206708457,152,1.0,-
m6_away_longtrip_home,load,all,fg_spread_home,,1001,50.54945054945055,50.34609120521173,0.20335934423881818,-3.4431669118461197,-3.8500113709434873,0.13480236031095072,1,-0/+4/-9/-9,2.136735945050373,516,-9.379723353410224,485,1.0,-
m6_away_tired_home,load,all,fg_spread_home,,3870,50.3875968992248,50.34609120521173,0.041505694013077576,-3.7705610111513743,-3.8500113709434873,0.05176108876752513,0,-2/-6/-6/-0,-4.31969604471671,1942,-3.2174384825290296,1928,1.0,-
m5_gb6_20plus_fav,depth,gp50,fg_spread_fav,home 20-99 games out of the 6 seed,178,52.80898876404494,52.650727650727646,0.15826111331729287,0.7973385221864809,0.5148460130207324,0.03953925834759897,2,  ./-19/+19/+8,-14.630729926782553,76,12.292762072398707,102,1.0,-
m4_clinched_over,clinch,veryLate,fg_total_over,bench units and no defence,623,53.93258426966292,53.90781563126252,0.024768638400396448,2.964382018846934,2.917540206811862,0.01228571105920652,2,-6/+16/+3/-2,6.437778176493405,278,0.16552946283035805,345,1.0,-
m4_clinched_under,clinch,veryLate,fg_total_under,,623,46.06741573033708,46.09218436873748,-0.024768638400396448,-12.046372194810493,-11.999933515441592,-0.01217947147515115,0,-3/-25/-12/-7,-15.526972361504729,278,-9.241714669184416,345,1.0,-
m3_bubble_home_ml,playin,gp50,fg_ml_home,,124,50.806451612903224,54.25641025641026,-3.449958643507034,-11.63531510098608,-10.36991973368165,-0.13733457588081757,0,-6/  ./-21/  .,-7.733851334157079,86,-20.464943625914863,38,1.0,-
m8_h1_share_lo,half,all,h1_total_over,,628,50.15923566878981,50.421998366457935,-0.26276269766811744,-4.363127037045382,-3.840378850056715,-0.13738040515679134,0,  ./-2/-10/-2,-1.6627550387773156,126,-5.04090965015649,502,1.0,-
m4_clinched_home_dog,clinch,veryLate,fg_spread_away,,209,48.803827751196174,49.95004995004995,-1.1462221988537802,-6.828474756751186,-4.647534811308621,-0.3303311854627067,0,-10/-3/-1/-14,-5.580653967750737,93,-7.828882803104993,116,1.0,-
m6_tired_only_fav,load,gp50,fg_spread_fav,CONTROL: load without the motivation story,796,51.75879396984925,52.650727650727646,-0.8919336808783984,-1.1912874299556915,0.5148460130207324,-0.5049880618579702,3,+0/+2/-9/+2,0.8278780105997285,390,-3.1308798482232123,406,1.0,-
m6_away_longtrip_over,load,all,fg_total_over,,1009,49.85133795837463,50.70193285859613,-0.8505949002215019,-4.836697350092459,-3.2059075332328733,-0.5427395070540992,1,-10/-11/+9/-6,-10.58900392703508,521,1.304597171602428,488,1.0,-
m1_tank_h_tt_under,teamtotal,gp50,tt_home_under,the team that has quit should score under its own posted number,232,47.8448275862069,49.62199312714777,-1.7771655409408726,-9.464706172123154,-5.953221609188742,-0.5643295468612403,1,  ./-2/+6/-33,-2.099764489390263,81,-13.415436478754705,151,1.0,-
m3_bubble_home_back,playin,gp50,fg_spread_home,home is on the play-in bubble and the visitor is not,120,46.666666666666664,49.94802494802495,-3.281358281358282,-10.888111492087022,-4.611436235160801,-0.7200589348117217,0,-3/  ./-25/  .,-5.658637099543733,85,-23.588263588263576,35,1.0,-
m9_justafter_dl_over,deadline,all,fg_total_over,"the two weeks right after the deadline, new rotations",444,48.873873873873876,50.70193285859613,-1.8280589847222584,-6.688112985895857,-3.2059075332328733,-0.768765239618268,1,-14/-13/+11/-12,-13.275171990768314,218,-0.3342242112843681,226,1.0,-
m7_tt_away_hi,teamtotal,all,tt_away_under,,632,46.99367088607595,48.61788617886179,-1.624215292785841,-10.649504615041353,-7.54270369236876,-0.8201313823574784,0,  ./-5/-10/-15,-4.867232864840902,195,-13.22969452645803,437,1.0,-
m7_bigfav_opp_tt_over,teamtotal,all,tt_away_over,"garbage time inflates the LOSING side's total, which is the classic mispricing",903,49.6124031007752,51.392268180589355,-1.779865079814158,-6.077754825049308,-3.1499087547006153,-0.9324396482650794,1,  ./+2/-12/-8,1.976396930288234,286,-9.811121765124732,617,1.0,-
m4_clinched_away_fade,clinch,veryLate,fg_spread_home,,200,45.0,50.049950049950056,-5.049950049950053,-14.05635083853877,-4.4256073519778365,-1.4264720760755696,1,-18/-10/-33/+5,-14.260025203668715,98,-13.860663703413923,102,1.0,-
m8_bigline_h1_dog,half,all,h1_spread_dog,,1116,47.67025089605735,50.12271611671666,-2.4524652206593114,-8.88476556798331,-4.275414765581566,-1.6123675633020114,0,  ./-8/-9/-9,-8.371179298662392,342,-9.111699035822783,774,1.0,-
m8_tight_h1_fav,half,all,h1_spread_fav,,871,46.842709529276696,49.87728388328333,-3.034574354006642,-10.542876457065798,-4.932817992431052,-1.7371351780438937,0,  ./-10/-10/-12,-10.10334165806798,312,-10.78819820534365,559,1.0,-
m10_final2wk_under,fatigue,all,fg_total_under,,273,43.223443223443226,49.29806714140387,-6.074623917960642,-17.476350809684142,-5.875916501448264,-2.007968025847631,0,-14/-21/-25/-10,-17.581086645834844,139,-17.36770691994572,134,1.0,-
m10_final2wk_dog,fatigue,all,fg_spread_dog,,274,43.79562043795621,49.95928338762215,-6.163662949665944,-16.39914632615362,-4.565055487379154,-2.0508975189140872,1,+4/-13/-25/-33,-4.5571545571545515,140,-28.771376532570557,134,1.0,-
