market,variant,model,top,n,win,roi,corr,mae_model,mae_mkt,per
h1_spread,raw,ridge,top100%,2531,50.53338601343342,-3.5189007984244562,0.029541640414873543,9.050133188680737,8.7564453125,49/52
h1_spread,raw,ridge,top50%,1264,51.26582278481012,-2.1163561091036227,0.029541640414873543,9.050133188680737,8.7564453125,51/51
h1_spread,raw,ridge,top25%,630,52.22222222222223,-0.34723161902561184,0.029541640414873543,9.050133188680737,8.7564453125,50/55
h1_spread,raw,ridge,top10%,251,53.78486055776892,2.6689404145568743,0.029541640414873543,9.050133188680737,8.7564453125,54/53
h1_spread,raw,ridge,top5%,125,56.00000000000001,6.88595967932035,0.029541640414873543,9.050133188680737,8.7564453125,59/52
h1_spread,raw,hgb,top100%,2531,48.91347293559858,-6.614949641068009,-0.016556227267467038,9.398469239241113,8.7564453125,49/49
h1_spread,raw,hgb,top50%,1262,49.04912836767036,-6.362916971913508,-0.016556227267467038,9.398469239241113,8.7564453125,49/49
h1_spread,raw,hgb,top25%,633,49.763033175355446,-5.032223082922787,-0.016556227267467038,9.398469239241113,8.7564453125,50/50
h1_spread,raw,hgb,top10%,254,46.06299212598425,-12.111533683170201,-0.016556227267467038,9.398469239241113,8.7564453125,47/44
h1_spread,raw,hgb,top5%,127,43.30708661417323,-17.35521378265274,-0.016556227267467038,9.398469239241113,8.7564453125,46/38
h1_spread,raw,lgbm,top100%,2531,49.38759383642829,-5.677836382239821,0.005445914214433446,9.278488962363834,8.7564453125,49/50
h1_spread,raw,lgbm,top50%,1265,50.276679841897234,-3.986346978198732,0.005445914214433446,9.278488962363834,8.7564453125,50/51
h1_spread,raw,lgbm,top25%,631,50.55467511885895,-3.4986637269039473,0.005445914214433446,9.278488962363834,8.7564453125,49/53
h1_spread,raw,lgbm,top10%,253,51.77865612648221,-1.1965422181931509,0.005445914214433446,9.278488962363834,8.7564453125,54/49
h1_spread,raw,lgbm,top5%,127,51.96850393700787,-0.8940305735853962,0.005445914214433446,9.278488962363834,8.7564453125,55/47
h1_spread,raw,xgb,top100%,2531,48.83445278546029,-6.754136623833869,-0.008163009845729338,9.26681897779854,8.7564453125,48/49
h1_spread,raw,xgb,top50%,1264,50.55379746835443,-3.4725917553744683,-0.008163009845729338,9.26681897779854,8.7564453125,50/51
h1_spread,raw,xgb,top25%,630,50.15873015873016,-4.194888194855972,-0.008163009845729338,9.26681897779854,8.7564453125,48/52
h1_spread,raw,xgb,top10%,251,49.00398406374502,-6.466395869598833,-0.008163009845729338,9.26681897779854,8.7564453125,48/50
h1_spread,raw,xgb,top5%,126,49.2063492063492,-6.065381005705562,-0.008163009845729338,9.26681897779854,8.7564453125,54/43
h1_spread,raw,cat,top100%,2531,49.50612406163572,-5.464056458657623,-0.003711329271413705,9.135120687113822,8.7564453125,49/50
h1_spread,raw,cat,top50%,1261,49.48453608247423,-5.517552733298758,-0.003711329271413705,9.135120687113822,8.7564453125,48/51
h1_spread,raw,cat,top25%,631,50.71315372424723,-3.1472903764915396,-0.003711329271413705,9.135120687113822,8.7564453125,49/52
h1_spread,raw,cat,top10%,252,50.79365079365079,-2.9723584372378204,-0.003711329271413705,9.135120687113822,8.7564453125,47/55
h1_spread,raw,cat,top5%,127,51.96850393700787,-0.6342516566311154,-0.003711329271413705,9.135120687113822,8.7564453125,52/52
h1_spread,raw,lgbm_clf,top100%,2531,50.098775187672864,-4.3433699192689055,0.008308604832891019,,,49/51
h1_spread,raw,lgbm_clf,top50%,1268,50.39432176656151,-3.7533423526809995,0.008308604832891019,,,49/52
h1_spread,raw,lgbm_clf,top25%,631,52.29793977812995,-0.20369794757332974,0.008308604832891019,,,51/55
h1_spread,raw,lgbm_clf,top10%,254,47.63779527559055,-9.144106204702569,0.008308604832891019,,,47/49
h1_spread,raw,lgbm_clf,top5%,126,46.82539682539682,-10.609646720595064,0.008308604832891019,,,46/52
h1_spread,raw,hgb_clf,top100%,2531,50.61240616357171,-3.3573957165520354,0.016049610753439657,,,49/53
h1_spread,raw,hgb_clf,top50%,1267,50.27624309392266,-4.050554161051524,0.016049610753439657,,,50/51
h1_spread,raw,hgb_clf,top25%,633,49.447077409162716,-5.546671907538758,0.016049610753439657,,,50/48
h1_spread,raw,hgb_clf,top10%,251,50.59760956175299,-3.3252705523824115,0.016049610753439657,,,50/57
h1_spread,raw,hgb_clf,top5%,126,54.761904761904766,4.561204716646988,0.016049610753439657,,,53/-
h1_spread,raw,stack,top100%,2531,50.730936388779135,-3.0988831641043677,0.030153492499133554,9.182466952082223,8.7564453125,51/51
h1_spread,raw,stack,top50%,1268,50.86750788643533,-2.8407587879164993,0.030153492499133554,9.182466952082223,8.7564453125,50/52
h1_spread,raw,stack,top25%,634,54.73186119873817,4.544968287810723,0.030153492499133554,9.182466952082223,8.7564453125,56/54
h1_spread,raw,stack,top10%,251,53.78486055776892,2.676461519886804,0.030153492499133554,9.182466952082223,8.7564453125,55/53
h1_spread,raw,stack,top5%,125,52.0,-0.7564833933934362,0.030153492499133554,9.182466952082223,8.7564453125,47/55
h1_spread,raw,mean,top100%,2531,48.39984195969972,-7.58763992429347,0.0002924379016021613,9.14558548256554,8.7564453125,48/49
h1_spread,raw,mean,top50%,1265,50.51383399209486,-3.574466342322227,0.0002924379016021613,9.14558548256554,8.7564453125,49/52
h1_spread,raw,mean,top25%,631,49.920760697305866,-4.674954979073069,0.0002924379016021613,9.14558548256554,8.7564453125,48/52
h1_spread,raw,mean,top10%,250,50.0,-4.572413354884247,0.0002924379016021613,9.14558548256554,8.7564453125,50/50
h1_spread,raw,mean,top5%,127,50.39370078740157,-3.88654176843289,0.0002924379016021613,9.14558548256554,8.7564453125,54/45
h1_spread,anchored,ridge,top100%,2531,50.84946661398657,-2.926834568442881,0.015133772265261141,8.84027376720277,8.7564453125,51/51
h1_spread,anchored,ridge,top50%,1267,50.0394632991318,-4.549351868903345,0.015133772265261141,8.84027376720277,8.7564453125,48/52
h1_spread,anchored,ridge,top25%,635,50.07874015748032,-4.54286795371514,0.015133772265261141,8.84027376720277,8.7564453125,50/51
h1_spread,anchored,ridge,top10%,253,51.38339920948617,-2.142403247401833,0.015133772265261141,8.84027376720277,8.7564453125,50/52
h1_spread,anchored,ridge,top5%,125,60.0,14.322783940835478,0.015133772265261141,8.84027376720277,8.7564453125,56/63
h1_spread,anchored,hgb,top100%,2531,51.047016989332285,-2.528405553409074,0.0010725740221636069,9.127997258096613,8.7564453125,49/53
h1_spread,anchored,hgb,top50%,1266,49.763033175355446,-4.968810635734866,0.0010725740221636069,9.127997258096613,8.7564453125,49/51
h1_spread,anchored,hgb,top25%,636,49.21383647798742,-6.0412946889931645,0.0010725740221636069,9.127997258096613,8.7564453125,49/49
h1_spread,anchored,hgb,top10%,253,46.24505928853755,-11.63911472120072,0.0010725740221636069,9.127997258096613,8.7564453125,48/43
h1_spread,anchored,hgb,top5%,126,46.82539682539682,-10.579614072585128,0.0010725740221636069,9.127997258096613,8.7564453125,50/-
h1_spread,anchored,lgbm,top100%,2531,49.42710391149743,-5.650563272289658,-0.01269847882085874,9.059302333000792,8.7564453125,49/49
h1_spread,anchored,lgbm,top50%,1268,49.44794952681388,-5.646340512437878,-0.01269847882085874,9.059302333000792,8.7564453125,49/50
h1_spread,anchored,lgbm,top25%,634,49.8422712933754,-4.8487798085338785,-0.01269847882085874,9.059302333000792,8.7564453125,48/52
h1_spread,anchored,lgbm,top10%,253,49.40711462450593,-5.707852488324519,-0.01269847882085874,9.059302333000792,8.7564453125,49/51
h1_spread,anchored,lgbm,top5%,126,48.41269841269841,-7.577070502585934,-0.01269847882085874,9.059302333000792,8.7564453125,50/45
h1_spread,anchored,xgb,top100%,2531,50.414855788226,-3.7756578342670912,-0.012079292444878471,9.018620812371955,8.7564453125,50/51
h1_spread,anchored,xgb,top50%,1268,49.05362776025237,-6.373973381308973,-0.012079292444878471,9.018620812371955,8.7564453125,48/50
h1_spread,anchored,xgb,top25%,635,50.23622047244094,-4.110115875812112,-0.012079292444878471,9.018620812371955,8.7564453125,49/52
h1_spread,anchored,xgb,top10%,253,48.616600790513836,-7.21804353250365,-0.012079292444878471,9.018620812371955,8.7564453125,51/43
h1_spread,anchored,xgb,top5%,126,44.44444444444444,-14.969364422691402,-0.012079292444878471,9.018620812371955,8.7564453125,49/28
h1_spread,anchored,cat,top100%,2531,50.17779533781114,-4.2102151107733095,-0.009759867006477442,8.887597245681896,8.7564453125,49/51
h1_spread,anchored,cat,top50%,1267,49.644830307813734,-5.23979993206094,-0.009759867006477442,8.887597245681896,8.7564453125,49/50
h1_spread,anchored,cat,top25%,634,48.10725552050473,-8.139398241301308,-0.009759867006477442,8.887597245681896,8.7564453125,49/47
h1_spread,anchored,cat,top10%,253,44.26877470355731,-15.371702575867975,-0.009759867006477442,8.887597245681896,8.7564453125,44/45
h1_spread,anchored,cat,top5%,126,46.03174603174603,-12.002547257706446,-0.009759867006477442,8.887597245681896,8.7564453125,45/49
h1_spread,anchored,lgbm_clf,top100%,2531,51.442117740023704,-1.7682219451345904,0.017346248791485767,,,50/53
h1_spread,anchored,lgbm_clf,top50%,1266,51.50078988941548,-1.6374061562066136,0.017346248791485767,,,50/54
h1_spread,anchored,lgbm_clf,top25%,631,51.50554675118859,-1.6575608498378844,0.017346248791485767,,,49/56
h1_spread,anchored,lgbm_clf,top10%,253,48.22134387351779,-8.013111930276327,0.017346248791485767,,,48/47
h1_spread,anchored,lgbm_clf,top5%,126,46.82539682539682,-10.685819653048185,0.017346248791485767,,,47/-
h1_spread,anchored,hgb_clf,top100%,2531,50.01975503753457,-4.508519925284088,0.006705451515231206,,,49/51
h1_spread,anchored,hgb_clf,top50%,1265,49.48616600790513,-5.516059316303579,0.006705451515231206,,,49/51
h1_spread,anchored,hgb_clf,top25%,633,48.02527646129542,-8.278985362089337,0.006705451515231206,,,49/46
h1_spread,anchored,hgb_clf,top10%,254,51.96850393700787,-0.8121761100228923,0.006705451515231206,,,51/55
h1_spread,anchored,hgb_clf,top5%,126,52.38095238095239,-0.023767972852640006,0.006705451515231206,,,49/-
h1_spread,anchored,stack,top100%,2531,50.80995653891742,-2.9338896908326975,0.0005836845149493658,8.819622694998504,8.7564453125,51/51
h1_spread,anchored,stack,top50%,1263,51.62311955661124,-1.400507908462461,0.0005836845149493658,8.819622694998504,8.7564453125,50/53
h1_spread,anchored,stack,top25%,629,53.73608903020668,2.5452433948706688,0.0005836845149493658,8.819622694998504,8.7564453125,53/54
h1_spread,anchored,stack,top10%,252,51.587301587301596,-1.517035036514902,0.0005836845149493658,8.819622694998504,8.7564453125,46/54
h1_spread,anchored,stack,top5%,128,50.78125,-3.132239018214854,0.0005836845149493658,8.819622694998504,8.7564453125,38/56
h1_spread,anchored,mean,top100%,2531,50.05926511260371,-4.427591042117471,-0.0052609237917077825,8.915579427592107,8.7564453125,49/51
h1_spread,anchored,mean,top50%,1271,49.80330448465775,-4.97621788785227,-0.0052609237917077825,8.915579427592107,8.7564453125,49/50
h1_spread,anchored,mean,top25%,635,49.4488188976378,-5.598820103018965,-0.0052609237917077825,8.915579427592107,8.7564453125,48/52
h1_spread,anchored,mean,top10%,253,48.22134387351779,-7.925271025755171,-0.0052609237917077825,8.915579427592107,8.7564453125,51/42
h1_spread,anchored,mean,top5%,126,46.03174603174603,-11.984255791284737,-0.0052609237917077825,8.915579427592107,8.7564453125,47/43
h1_total,raw,ridge,top100%,2537,51.083957430035476,-2.480100840731923,0.010319931599599487,9.676471643339429,9.2248046875,50/52
h1_total,raw,ridge,top50%,1270,51.88976377952756,-0.9363612467659571,0.010319931599599487,9.676471643339429,9.2248046875,51/52
h1_total,raw,ridge,top25%,636,50.0,-4.548456951797873,0.010319931599599487,9.676471643339429,9.2248046875,47/52
h1_total,raw,ridge,top10%,253,50.19762845849802,-4.261551338988568,0.010319931599599487,9.676471643339429,9.2248046875,52/49
h1_total,raw,ridge,top5%,125,46.400000000000006,-11.506374007125265,0.010319931599599487,9.676471643339429,9.2248046875,42/48
h1_total,raw,hgb,top100%,2537,51.005124162396534,-2.6407586241718715,0.029255557192519287,9.825644165784075,9.2248046875,51/51
h1_total,raw,hgb,top50%,1263,51.543942992874115,-1.5984643586306964,0.029255557192519287,9.825644165784075,9.2248046875,52/51
h1_total,raw,hgb,top25%,635,52.28346456692914,-0.1995927275398528,0.029255557192519287,9.825644165784075,9.2248046875,52/53
h1_total,raw,hgb,top10%,256,48.4375,-7.440248127052248,0.029255557192519287,9.825644165784075,9.2248046875,50/47
h1_total,raw,hgb,top5%,128,47.65625,-8.985695606085214,0.029255557192519287,9.825644165784075,9.2248046875,46/49
h1_total,raw,lgbm,top100%,2537,51.51754040204967,-1.6615191498255502,0.01741524835063813,9.773258820001667,9.2248046875,50/53
h1_total,raw,lgbm,top50%,1265,50.11857707509881,-4.322628821683533,0.01741524835063813,9.773258820001667,9.2248046875,50/50
h1_total,raw,lgbm,top25%,635,48.818897637795274,-6.7567956307136985,0.01741524835063813,9.773258820001667,9.2248046875,49/49
h1_total,raw,lgbm,top10%,255,46.27450980392157,-11.575689799381415,0.01741524835063813,9.773258820001667,9.2248046875,45/47
h1_total,raw,lgbm,top5%,128,47.65625,-8.920652639206658,0.01741524835063813,9.773258820001667,9.2248046875,45/51
h1_total,raw,xgb,top100%,2537,50.80804099329917,-3.0157168083317685,0.027436092731414657,9.724830475449561,9.2248046875,50/52
h1_total,raw,xgb,top50%,1268,51.57728706624606,-1.5332583586980433,0.027436092731414657,9.724830475449561,9.2248046875,53/50
h1_total,raw,xgb,top25%,634,49.684542586750794,-5.119577832505518,0.027436092731414657,9.724830475449561,9.2248046875,51/49
h1_total,raw,xgb,top10%,254,50.0,-4.430951742697616,0.027436092731414657,9.724830475449561,9.2248046875,52/48
h1_total,raw,xgb,top5%,128,46.875,-10.472645628072904,0.027436092731414657,9.724830475449561,9.2248046875,45/48
h1_total,raw,cat,top100%,2537,50.2167914860071,-4.1594149732345365,0.009590329239686632,9.696358926280983,9.2248046875,50/50
h1_total,raw,cat,top50%,1267,49.25019731649566,-5.987219790453696,0.009590329239686632,9.696358926280983,9.2248046875,47/51
h1_total,raw,cat,top25%,635,48.188976377952756,-7.990092817534817,0.009590329239686632,9.696358926280983,9.2248046875,48/48
h1_total,raw,cat,top10%,256,46.875,-10.459818958514228,0.009590329239686632,9.696358926280983,9.2248046875,50/44
h1_total,raw,cat,top5%,128,45.3125,-13.395392950885613,0.009590329239686632,9.696358926280983,9.2248046875,44/46
h1_total,raw,lgbm_clf,top100%,2537,49.5072920772566,-5.507792175553465,-0.02105280872210899,,,50/49
h1_total,raw,lgbm_clf,top50%,1271,48.151062155782846,-8.099559343997852,-0.02105280872210899,,,49/47
h1_total,raw,lgbm_clf,top25%,634,46.68769716088328,-10.892081568334358,-0.02105280872210899,,,50/43
h1_total,raw,lgbm_clf,top10%,254,44.48818897637795,-15.134263696593484,-0.02105280872210899,,,43/47
h1_total,raw,lgbm_clf,top5%,127,40.15748031496063,-23.370462812713015,-0.02105280872210899,,,41/38
h1_total,raw,hgb_clf,top100%,2537,49.073709105242415,-6.318697259478498,0.014784370797147391,,,49/49
h1_total,raw,hgb_clf,top50%,1269,49.1725768321513,-6.122400651487111,0.014784370797147391,,,49/49
h1_total,raw,hgb_clf,top25%,634,50.0,-4.533252978058831,0.014784370797147391,,,50/50
h1_total,raw,hgb_clf,top10%,253,49.80237154150198,-4.90445678266967,0.014784370797147391,,,48/53
h1_total,raw,hgb_clf,top5%,126,47.61904761904761,-9.10806285306077,0.014784370797147391,,,51/38
h1_total,raw,stack,top100%,2537,51.005124162396534,-2.6492375717589978,0.008867380028438067,9.702164846954378,9.2248046875,51/51
h1_total,raw,stack,top50%,1267,50.43409629044988,-3.7513035393778886,0.008867380028438067,9.702164846954378,9.2248046875,50/50
h1_total,raw,stack,top25%,634,50.473186119873816,-3.6825177387427286,0.008867380028438067,9.702164846954378,9.2248046875,51/50
h1_total,raw,stack,top10%,254,49.21259842519685,-6.054682404946829,0.008867380028438067,9.702164846954378,9.2248046875,54/47
h1_total,raw,stack,top5%,127,44.09448818897638,-15.87437172521656,0.008867380028438067,9.702164846954378,9.2248046875,48/42
h1_total,raw,mean,top100%,2537,51.399290500591256,-1.8907579409720547,0.02088086772784401,9.64038651392859,9.2248046875,51/52
h1_total,raw,mean,top50%,1267,51.38121546961326,-1.9026763492338634,0.02088086772784401,9.64038651392859,9.2248046875,51/52
h1_total,raw,mean,top25%,636,50.786163522012586,-3.033113329523446,0.02088086772784401,9.64038651392859,9.2248046875,51/50
h1_total,raw,mean,top10%,253,47.03557312252965,-10.126510539953008,0.02088086772784401,9.64038651392859,9.2248046875,46/48
h1_total,raw,mean,top5%,128,42.1875,-19.327752172334826,0.02088086772784401,9.64038651392859,9.2248046875,36/47
h1_total,anchored,ridge,top100%,2537,50.847457627118644,-2.987637739323131,-0.002027958194743991,9.323086918043396,9.2248046875,50/51
h1_total,anchored,ridge,top50%,1264,51.50316455696202,-1.753826021614423,-0.002027958194743991,9.323086918043396,9.2248046875,51/52
h1_total,anchored,ridge,top25%,633,51.18483412322274,-2.4445772061099347,-0.002027958194743991,9.323086918043396,9.2248046875,52/50
h1_total,anchored,ridge,top10%,252,48.01587301587302,-8.56495866084132,-0.002027958194743991,9.323086918043396,9.2248046875,50/47
h1_total,anchored,ridge,top5%,125,41.6,-20.698956398628255,-0.002027958194743991,9.323086918043396,9.2248046875,39/44
h1_total,anchored,hgb,top100%,2537,50.059124950729206,-4.450235986914828,0.011301612801134155,9.583452721546584,9.2248046875,50/50
h1_total,anchored,hgb,top50%,1269,50.19700551615445,-4.213553502225753,0.011301612801134155,9.583452721546584,9.2248046875,50/50
h1_total,anchored,hgb,top25%,636,53.144654088050316,1.3929356436179092,0.011301612801134155,9.583452721546584,9.2248046875,52/54
h1_total,anchored,hgb,top10%,254,55.90551181102362,6.731625201136131,0.011301612801134155,9.583452721546584,9.2248046875,57/54
h1_total,anchored,hgb,top5%,127,55.118110236220474,5.309390565656448,0.011301612801134155,9.583452721546584,9.2248046875,53/59
h1_total,anchored,lgbm,top100%,2537,49.42845880961766,-5.65744219829003,0.011710136076766282,9.520707448047409,9.2248046875,50/48
h1_total,anchored,lgbm,top50%,1269,48.30575256107171,-7.811039031467132,0.011710136076766282,9.520707448047409,9.2248046875,50/47
h1_total,anchored,lgbm,top25%,635,52.59842519685039,0.36900271087978687,0.011710136076766282,9.520707448047409,9.2248046875,53/52
h1_total,anchored,lgbm,top10%,254,56.2992125984252,7.558202207559559,0.011710136076766282,9.520707448047409,9.2248046875,53/60
h1_total,anchored,lgbm,top5%,127,57.48031496062992,9.832148486384828,0.011710136076766282,9.520707448047409,9.2248046875,53/65
h1_total,anchored,xgb,top100%,2537,49.152542372881356,-6.1686800184757935,0.011519728403296861,9.47716353237629,9.2248046875,49/49
h1_total,anchored,xgb,top50%,1269,49.881796690307326,-4.795578364095303,0.011519728403296861,9.47716353237629,9.2248046875,49/50
h1_total,anchored,xgb,top25%,636,51.886792452830186,-0.9027889413353627,0.011519728403296861,9.47716353237629,9.2248046875,52/52
h1_total,anchored,xgb,top10%,254,55.118110236220474,5.297617272962659,0.011519728403296861,9.47716353237629,9.2248046875,53/58
h1_total,anchored,xgb,top5%,127,55.90551181102362,6.894366230893459,0.011519728403296861,9.47716353237629,9.2248046875,51/63
h1_total,anchored,cat,top100%,2537,50.45329128892393,-3.693026190310939,0.012097682185371068,9.379199574124323,9.2248046875,51/50
h1_total,anchored,cat,top50%,1273,50.43205027494109,-3.7601287001134778,0.012097682185371068,9.379199574124323,9.2248046875,51/50
h1_total,anchored,cat,top25%,636,50.0,-4.538806427615188,0.012097682185371068,9.379199574124323,9.2248046875,50/50
h1_total,anchored,cat,top10%,256,48.828125,-6.775860464035677,0.012097682185371068,9.379199574124323,9.2248046875,48/50
h1_total,anchored,cat,top5%,128,52.34375,-0.08927060132902023,0.012097682185371068,9.379199574124323,9.2248046875,51/58
h1_total,anchored,lgbm_clf,top100%,2537,49.90145841545132,-4.761963404659777,0.0007782618582171337,,,50/50
h1_total,anchored,lgbm_clf,top50%,1272,50.157232704402524,-4.2793867010456985,0.0007782618582171337,,,50/50
h1_total,anchored,lgbm_clf,top25%,633,49.447077409162716,-5.589009000380004,0.0007782618582171337,,,49/49
h1_total,anchored,lgbm_clf,top10%,252,50.0,-4.542238143093842,0.0007782618582171337,,,49/51
h1_total,anchored,lgbm_clf,top5%,126,48.41269841269841,-7.6202330353186545,0.0007782618582171337,,,45/56
h1_total,anchored,hgb_clf,top100%,2537,49.70437524635396,-5.1418316012060155,-0.0007437546922004479,,,51/49
h1_total,anchored,hgb_clf,top50%,1269,48.93617021276596,-6.641437211170052,-0.0007437546922004479,,,50/47
h1_total,anchored,hgb_clf,top25%,633,48.657187993680886,-7.112986992761602,-0.0007437546922004479,,,47/52
h1_total,anchored,hgb_clf,top10%,251,49.40239043824701,-5.678043792648537,-0.0007437546922004479,,,50/48
h1_total,anchored,hgb_clf,top5%,125,47.199999999999996,-9.904489956007593,-0.0007437546922004479,,,47/-
h1_total,anchored,stack,top100%,2537,50.847457627118644,-2.921107596642909,0.0028921273770879732,9.295023200709227,9.2248046875,50/51
h1_total,anchored,stack,top50%,1266,51.026856240126385,-2.5509005460111167,0.0028921273770879732,9.295023200709227,9.2248046875,50/53
h1_total,anchored,stack,top25%,634,47.1608832807571,-9.950202311627049,0.0028921273770879732,9.295023200709227,9.2248046875,47/48
h1_total,anchored,stack,top10%,254,45.66929133858268,-12.803790661531675,0.0028921273770879732,9.295023200709227,9.2248046875,44/51
h1_total,anchored,stack,top5%,126,47.61904761904761,-9.028410673147508,0.0028921273770879732,9.295023200709227,9.2248046875,48/44
h1_total,anchored,mean,top100%,2537,49.62554197871501,-5.295791364813169,0.01165039234703557,9.381812304942406,9.2248046875,50/49
h1_total,anchored,mean,top50%,1266,48.81516587677725,-6.844271045879771,0.01165039234703557,9.381812304942406,9.2248046875,49/48
h1_total,anchored,mean,top25%,635,52.125984251968504,-0.5188058229155693,0.01165039234703557,9.381812304942406,9.2248046875,51/53
h1_total,anchored,mean,top10%,255,58.03921568627452,10.78885463916148,0.01165039234703557,9.381812304942406,9.2248046875,58/59
h1_total,anchored,mean,top5%,127,55.90551181102362,6.867007353664096,0.01165039234703557,9.381812304942406,9.2248046875,51/64
h1_total,share,ridge,top100%,2537,49.66495861253449,-5.205743403991199,0.014310522216691083,,,48/51
h1_total,share,ridge,top50%,1268,50.63091482649842,-3.360566082898332,0.014310522216691083,,,50/51
h1_total,share,ridge,top25%,634,50.78864353312302,-3.104390959325629,0.014310522216691083,,,50/52
h1_total,share,ridge,top10%,255,52.156862745098046,-0.4467503729851492,0.014310522216691083,,,49/55
h1_total,share,ridge,top5%,128,53.125,1.2945999475247214,0.014310522216691083,,,51/55
h1_total,share,hgb,top100%,2537,51.044540796216,-2.5651633703150596,0.05259235502161809,,,52/50
h1_total,share,hgb,top50%,1266,51.97472353870458,-0.7626351798076977,0.05259235502161809,,,53/51
h1_total,share,hgb,top25%,631,52.931854199683045,1.021463801444271,0.05259235502161809,,,55/51
h1_total,share,hgb,top10%,249,58.63453815261044,11.836965204489534,0.05259235502161809,,,59/57
h1_total,share,hgb,top5%,122,59.01639344262295,12.536940289133424,0.05259235502161809,,,59/60
h1_total,share,lgbm,top100%,2537,50.72920772566023,-3.1725879438737987,0.0324562568537055,,,51/51
h1_total,share,lgbm,top50%,1269,50.82742316784869,-2.981308848031917,0.0324562568537055,,,52/50
h1_total,share,lgbm,top25%,634,50.78864353312302,-3.02630224977473,0.0324562568537055,,,52/49
h1_total,share,lgbm,top10%,252,48.01587301587302,-8.346526714408148,0.0324562568537055,,,49/46
h1_total,share,lgbm,top5%,127,43.30708661417323,-17.31418760071664,0.0324562568537055,,,46/38
h1_total,share,xgb,top100%,2537,50.37445802128499,-3.8451904602476263,0.04462918932825543,,,51/50
h1_total,share,xgb,top50%,1267,50.355169692186266,-3.878552990066776,0.04462918932825543,,,51/49
h1_total,share,xgb,top25%,633,51.81674565560821,-1.065347541564643,0.04462918932825543,,,54/49
h1_total,share,xgb,top10%,251,54.18326693227091,3.5205878438878875,0.04462918932825543,,,59/47
h1_total,share,xgb,top5%,126,57.936507936507944,10.650427274449052,0.04462918932825543,,,59/56
h1_total,share,cat,top100%,2537,50.2167914860071,-4.174670216563543,0.024370436450145836,,,50/51
h1_total,share,cat,top50%,1271,49.96066089693155,-4.667804615585607,0.024370436450145836,,,49/50
h1_total,share,cat,top25%,636,50.314465408805034,-3.975135391107345,0.024370436450145836,,,48/53
h1_total,share,cat,top10%,254,48.818897637795274,-6.801798326134922,0.024370436450145836,,,47/51
h1_total,share,cat,top5%,127,46.45669291338583,-11.26737321222404,0.024370436450145836,,,43/51
h1_total,share,lgbm_clf,top100%,2537,48.916042569964524,-6.617974096960707,-0.017845806036917575,,,49/49
h1_total,share,lgbm_clf,top50%,1271,48.229740361919745,-7.930417653962102,-0.017845806036917575,,,50/46
h1_total,share,lgbm_clf,top25%,636,47.9559748427673,-8.488610159618428,-0.017845806036917575,,,50/46
h1_total,share,lgbm_clf,top10%,254,50.78740157480315,-3.091405850978952,-0.017845806036917575,,,52/48
h1_total,share,lgbm_clf,top5%,126,50.0,-4.566724387434576,-0.017845806036917575,,,52/45
h1_total,share,hgb_clf,top100%,2537,49.34962554197872,-5.7922584770863335,0.01142326293563015,,,50/49
h1_total,share,hgb_clf,top50%,1267,51.38121546961326,-1.906044324363631,0.01142326293563015,,,51/51
h1_total,share,hgb_clf,top25%,634,48.89589905362776,-6.6290114290681785,0.01142326293563015,,,48/50
h1_total,share,hgb_clf,top10%,252,47.61904761904761,-9.10471689585268,0.01142326293563015,,,47/49
h1_total,share,hgb_clf,top5%,126,48.41269841269841,-7.586920745106744,0.01142326293563015,,,48/48
h1_total,share,stack,top100%,2537,50.610957824201805,-3.356999490652818,0.02252459704336784,,,49/52
h1_total,share,stack,top50%,1264,51.26582278481012,-2.157069459464879,0.02252459704336784,,,49/53
h1_total,share,stack,top25%,631,52.45641838351822,0.09070088339405591,0.02252459704336784,,,50/55
h1_total,share,stack,top10%,251,56.17529880478087,7.222872346914845,0.02252459704336784,,,56/57
h1_total,share,stack,top5%,124,52.41935483870967,0.0940086714882332,0.02252459704336784,,,51/54
h1_total,share,mean,top100%,2537,50.57154119038234,-3.4693593687146773,0.04033743788695235,,,50/51
h1_total,share,mean,top50%,1268,50.86750788643533,-2.908096502471149,0.04033743788695235,,,50/52
h1_total,share,mean,top25%,631,50.871632329635496,-2.9038693897738534,0.04033743788695235,,,53/48
h1_total,share,mean,top10%,252,54.36507936507936,3.7881089013072002,0.04033743788695235,,,56/52
h1_total,share,mean,top5%,126,50.79365079365079,-2.9434308947780177,0.04033743788695235,,,51/50
tt_home,raw,ridge,top100%,2554,50.23492560689115,-4.591190129683379,-0.011101456911994928,9.581310932550377,9.109375,50/50
tt_home,raw,ridge,top50%,1277,48.15974941268598,-8.511941120208794,-0.011101456911994928,9.581310932550377,9.109375,48/49
tt_home,raw,ridge,top25%,639,47.417840375586856,-9.890870893023736,-0.011101456911994928,9.581310932550377,9.109375,48/47
tt_home,raw,ridge,top10%,256,48.4375,-7.81424864141145,-0.011101456911994928,9.581310932550377,9.109375,46/50
tt_home,raw,ridge,top5%,128,47.65625,-9.292104506062287,-0.011101456911994928,9.581310932550377,9.109375,47/48
tt_home,raw,hgb,top100%,2554,49.96084573218481,-5.100801215748808,-0.0033778891323535997,9.86759710709085,9.109375,48/52
tt_home,raw,hgb,top50%,1277,49.64761158966327,-5.637898248684576,-0.0033778891323535997,9.86759710709085,9.109375,49/51
tt_home,raw,hgb,top25%,639,49.60876369327074,-5.689819413312224,-0.0033778891323535997,9.86759710709085,9.109375,47/53
tt_home,raw,hgb,top10%,256,47.65625,-9.372919452912084,-0.0033778891323535997,9.86759710709085,9.109375,47/48
tt_home,raw,hgb,top5%,128,46.875,-10.72591863901444,-0.0033778891323535997,9.86759710709085,9.109375,50/42
tt_home,raw,lgbm,top100%,2554,51.68363351605325,-1.8241264361082186,0.007870561825880551,9.681977892680786,9.109375,51/52
tt_home,raw,lgbm,top50%,1274,49.686028257456826,-5.589509402050028,0.007870561825880551,9.681977892680786,9.109375,49/51
tt_home,raw,lgbm,top25%,639,47.104851330203445,-10.43213010522553,0.007870561825880551,9.681977892680786,9.109375,46/49
tt_home,raw,lgbm,top10%,256,48.4375,-7.819381813458362,0.007870561825880551,9.681977892680786,9.109375,45/52
tt_home,raw,lgbm,top5%,128,48.4375,-7.723364258866819,0.007870561825880551,9.681977892680786,9.109375,51/45
tt_home,raw,xgb,top100%,2554,50.90054815974941,-3.314358745866445,-0.0071558984167780955,9.745907270908356,9.109375,51/51
tt_home,raw,xgb,top50%,1277,49.88253719655442,-5.235182508089177,-0.0071558984167780955,9.745907270908356,9.109375,49/51
tt_home,raw,xgb,top25%,638,50.470219435736674,-4.072989171870611,-0.0071558984167780955,9.745907270908356,9.109375,50/51
tt_home,raw,xgb,top10%,256,48.828125,-6.975575855598226,-0.0071558984167780955,9.745907270908356,9.109375,47/51
tt_home,raw,xgb,top5%,128,53.90625,2.5896862125634983,-0.0071558984167780955,9.745907270908356,9.109375,50/60
tt_home,raw,cat,top100%,2554,49.17776037588097,-6.5632587850771404,-0.021374090215908182,9.710207208823224,9.109375,49/50
tt_home,raw,cat,top50%,1277,49.569303054032886,-5.819433666923157,-0.021374090215908182,9.710207208823224,9.109375,49/50
tt_home,raw,cat,top25%,639,48.04381846635368,-8.679066925077858,-0.021374090215908182,9.710207208823224,9.109375,48/48
tt_home,raw,cat,top10%,255,51.76470588235295,-1.5004976662098874,-0.021374090215908182,9.710207208823224,9.109375,53/50
tt_home,raw,cat,top5%,128,51.5625,-1.831824601807687,-0.021374090215908182,9.710207208823224,9.109375,51/52
tt_home,raw,lgbm_clf,top100%,2554,50.90054815974941,-3.32142388662465,0.02155158212236027,,,50/52
tt_home,raw,lgbm_clf,top50%,1277,50.82223962411903,-3.5193695468391546,0.02155158212236027,,,49/53
tt_home,raw,lgbm_clf,top25%,637,51.80533751962323,-1.5928099532596824,0.02155158212236027,,,49/56
tt_home,raw,lgbm_clf,top10%,255,47.05882352941176,-10.701485605739371,0.02155158212236027,,,44/52
tt_home,raw,lgbm_clf,top5%,128,45.3125,-14.07476384096331,0.02155158212236027,,,46/42
tt_home,raw,hgb_clf,top100%,2554,50.39154267815192,-4.322537982972744,0.0007333925434872614,,,50/51
tt_home,raw,hgb_clf,top50%,1276,50.470219435736674,-4.149713864459069,0.0007333925434872614,,,49/52
tt_home,raw,hgb_clf,top25%,639,48.6697965571205,-7.59755098549222,0.0007333925434872614,,,46/53
tt_home,raw,hgb_clf,top10%,255,43.529411764705884,-17.308259452599486,0.0007333925434872614,,,44/44
tt_home,raw,hgb_clf,top5%,127,44.09448818897638,-16.315922873657076,0.0007333925434872614,,,47/35
tt_home,raw,stack,top100%,2554,48.82537196554424,-7.252577539768455,-0.029447546637192647,9.795309914455345,9.109375,49/48
tt_home,raw,stack,top50%,1276,47.80564263322884,-9.188824001779674,-0.029447546637192647,9.795309914455345,9.109375,47/48
tt_home,raw,stack,top25%,639,49.29577464788733,-6.297299365660447,-0.029447546637192647,9.795309914455345,9.109375,50/48
tt_home,raw,stack,top10%,256,53.515625,1.7992795590736248,-0.029447546637192647,9.795309914455345,9.109375,52/56
tt_home,raw,stack,top5%,128,50.78125,-3.2954088574142477,-0.029447546637192647,9.795309914455345,9.109375,53/47
tt_home,raw,mean,top100%,2554,50.03915426781519,-4.9325447793624875,-0.007218386245906818,9.631856995359438,9.109375,49/51
tt_home,raw,mean,top50%,1276,50.15673981191222,-4.699971044381892,-0.007218386245906818,9.631856995359438,9.109375,49/52
tt_home,raw,mean,top25%,639,48.04381846635368,-8.656774868819609,-0.007218386245906818,9.631856995359438,9.109375,48/48
tt_home,raw,mean,top10%,256,46.484375,-11.460965071474169,-0.007218386245906818,9.631856995359438,9.109375,46/47
tt_home,raw,mean,top5%,128,49.21875,-6.280886246588086,-0.007218386245906818,9.631856995359438,9.109375,49/49
tt_home,anchored,ridge,top100%,2554,50.939702427564605,-3.3195948637430894,0.03553202139520647,9.175340453710264,9.109375,49/52
tt_home,anchored,ridge,top50%,1276,50.313479623824456,-4.557441712337366,0.03553202139520647,9.175340453710264,9.109375,49/51
tt_home,anchored,ridge,top25%,638,51.88087774294671,-1.5684783319853992,0.03553202139520647,9.175340453710264,9.109375,52/52
tt_home,anchored,ridge,top10%,255,51.76470588235295,-1.7811295009537427,0.03553202139520647,9.175340453710264,9.109375,54/49
tt_home,anchored,ridge,top5%,127,51.181102362204726,-2.92074895133419,0.03553202139520647,9.175340453710264,9.109375,52/50
tt_home,anchored,hgb,top100%,2554,50.74393108848865,-3.682473517559398,0.036561466869016186,9.442022211979918,9.109375,48/53
tt_home,anchored,hgb,top50%,1276,50.54858934169278,-4.083376985713909,0.036561466869016186,9.442022211979918,9.109375,47/55
tt_home,anchored,hgb,top25%,638,53.29153605015674,1.1445251644029528,0.036561466869016186,9.442022211979918,9.109375,51/57
tt_home,anchored,hgb,top10%,256,47.65625,-9.568392765792167,0.036561466869016186,9.442022211979918,9.109375,46/51
tt_home,anchored,hgb,top5%,128,49.21875,-6.6051465493164745,0.036561466869016186,9.442022211979918,9.109375,51/45
tt_home,anchored,lgbm,top100%,2554,50.66562255285826,-3.821357388429135,0.025823747586506553,9.377096768799708,9.109375,49/52
tt_home,anchored,lgbm,top50%,1277,51.29209083790133,-2.631824403176047,0.025823747586506553,9.377096768799708,9.109375,49/54
tt_home,anchored,lgbm,top25%,639,51.4866979655712,-2.2902724725979704,0.025823747586506553,9.377096768799708,9.109375,50/55
tt_home,anchored,lgbm,top10%,255,52.94117647058824,0.6146800165301323,0.025823747586506553,9.377096768799708,9.109375,55/49
tt_home,anchored,lgbm,top5%,127,55.90551181102362,6.231707057033282,0.025823747586506553,9.377096768799708,9.109375,56/56
tt_home,anchored,xgb,top100%,2554,51.17462803445576,-2.8599694090385612,0.027127520959589074,9.372362837195396,9.109375,49/53
tt_home,anchored,xgb,top50%,1277,51.13547376664056,-2.9461461503847253,0.027127520959589074,9.372362837195396,9.109375,50/53
tt_home,anchored,xgb,top25%,640,51.09375000000001,-3.029390106776606,0.027127520959589074,9.372362837195396,9.109375,53/47
tt_home,anchored,xgb,top10%,256,51.5625,-2.121036673637508,0.027127520959589074,9.372362837195396,9.109375,53/45
tt_home,anchored,xgb,top5%,128,53.125,0.8659583236363365,0.027127520959589074,9.372362837195396,9.109375,55/-
tt_home,anchored,cat,top100%,2554,51.17462803445576,-2.8732763434237536,0.029618709988597395,9.251439519990726,9.109375,51/51
tt_home,anchored,cat,top50%,1277,51.52701644479249,-2.2319209020532504,0.029618709988597395,9.251439519990726,9.109375,51/52
tt_home,anchored,cat,top25%,640,52.03124999999999,-1.2990747729433987,0.029618709988597395,9.251439519990726,9.109375,52/52
tt_home,anchored,cat,top10%,256,49.21875,-6.575687280386234,0.029618709988597395,9.251439519990726,9.109375,49/50
tt_home,anchored,cat,top5%,128,48.4375,-8.031705146145345,0.029618709988597395,9.251439519990726,9.109375,47/53
tt_home,anchored,lgbm_clf,top100%,2554,50.90054815974941,-3.372966365988329,0.022390148390779414,,,49/53
tt_home,anchored,lgbm_clf,top50%,1277,52.3884103367267,-0.6113558123052466,0.022390148390779414,,,50/55
tt_home,anchored,lgbm_clf,top25%,639,51.330203442879494,-2.6527010314700297,0.022390148390779414,,,47/59
tt_home,anchored,lgbm_clf,top10%,256,50.0,-5.2043784315336135,0.022390148390779414,,,48/54
tt_home,anchored,lgbm_clf,top5%,128,46.09375,-12.549596150461753,0.022390148390779414,,,47/43
tt_home,anchored,hgb_clf,top100%,2554,50.50900548159749,-4.157822746298242,0.0007090187280556284,,,50/51
tt_home,anchored,hgb_clf,top50%,1277,50.430696945967114,-4.31229666541027,0.0007090187280556284,,,50/52
tt_home,anchored,hgb_clf,top25%,639,47.417840375586856,-10.006239049365224,0.0007090187280556284,,,47/49
tt_home,anchored,hgb_clf,top10%,255,44.31372549019608,-15.905434470521183,0.0007090187280556284,,,44/45
tt_home,anchored,hgb_clf,top5%,128,40.625,-22.930161593306824,0.0007090187280556284,,,40/-
tt_home,anchored,stack,top100%,2554,50.74393108848865,-3.624312087959974,0.011791468356881158,9.157830988277825,9.109375,51/50
tt_home,anchored,stack,top50%,1277,50.58731401722788,-3.950459024701479,0.011791468356881158,9.157830988277825,9.109375,50/52
tt_home,anchored,stack,top25%,637,51.64835164835166,-1.953987914140926,0.011791468356881158,9.157830988277825,9.109375,51/57
tt_home,anchored,stack,top10%,254,47.63779527559055,-9.502610849156094,0.011791468356881158,9.157830988277825,9.109375,48/-
tt_home,anchored,stack,top5%,127,54.330708661417326,3.2169362982424885,0.011791468356881158,9.157830988277825,9.109375,54/-
tt_home,anchored,mean,top100%,2554,50.62646828504307,-3.8977308568802043,0.03584827936312838,9.24752153354937,9.109375,49/53
tt_home,anchored,mean,top50%,1276,51.8025078369906,-1.7202735413297772,0.03584827936312838,9.24752153354937,9.109375,49/56
tt_home,anchored,mean,top25%,638,51.2539184952978,-2.7449290339951387,0.03584827936312838,9.24752153354937,9.109375,50/55
tt_home,anchored,mean,top10%,256,51.171875,-2.811256685708409,0.03584827936312838,9.24752153354937,9.109375,52/48
tt_home,anchored,mean,top5%,128,49.21875,-6.448070328748721,0.03584827936312838,9.24752153354937,9.109375,50/-
tt_away,raw,ridge,top100%,2555,50.45009784735812,-4.074208213698944,-0.003985337537441844,9.593242170104247,9.037109375,50/51
tt_away,raw,ridge,top50%,1278,49.53051643192488,-5.810114803153596,-0.003985337537441844,9.593242170104247,9.037109375,47/52
tt_away,raw,ridge,top25%,640,52.34375,-0.4038958566632933,-0.003985337537441844,9.593242170104247,9.037109375,49/56
tt_away,raw,ridge,top10%,256,51.953125,-1.1138785261692545,-0.003985337537441844,9.593242170104247,9.037109375,49/55
tt_away,raw,ridge,top5%,128,53.125,1.0999748424761537,-0.003985337537441844,9.593242170104247,9.037109375,49/58
tt_away,raw,hgb,top100%,2555,49.9412915851272,-5.076520794247333,-0.027546729523160507,9.786225225629943,9.037109375,49/50
tt_away,raw,hgb,top50%,1277,48.78621769772905,-7.281424280764948,-0.027546729523160507,9.786225225629943,9.037109375,48/49
tt_away,raw,hgb,top25%,639,47.26134585289515,-10.069895824257149,-0.027546729523160507,9.786225225629943,9.037109375,44/50
tt_away,raw,hgb,top10%,256,50.0,-4.72745697861521,-0.027546729523160507,9.786225225629943,9.037109375,46/54
tt_away,raw,hgb,top5%,128,49.21875,-6.2572950693653375,-0.027546729523160507,9.786225225629943,9.037109375,44/56
tt_away,raw,lgbm,top100%,2555,49.08023483365949,-6.6876628905542965,-0.02666695358538739,9.737791320066739,9.037109375,48/50
tt_away,raw,lgbm,top50%,1278,48.43505477308294,-7.891617080664187,-0.02666695358538739,9.737791320066739,9.037109375,47/50
tt_away,raw,lgbm,top25%,640,50.46874999999999,-4.026090346569222,-0.02666695358538739,9.737791320066739,9.037109375,49/52
tt_away,raw,lgbm,top10%,256,46.09375,-12.193923513166261,-0.02666695358538739,9.737791320066739,9.037109375,46/46
tt_away,raw,lgbm,top5%,128,46.875,-10.71916506992498,-0.02666695358538739,9.737791320066739,9.037109375,47/47
tt_away,raw,xgb,top100%,2555,48.18003913894325,-8.406348690387384,-0.028341306567699863,9.696939590573312,9.037109375,48/48
tt_away,raw,xgb,top50%,1277,48.31636648394675,-8.122872640137382,-0.028341306567699863,9.696939590573312,9.037109375,47/49
tt_away,raw,xgb,top25%,640,51.24999999999999,-2.4693209167855823,-0.028341306567699863,9.696939590573312,9.037109375,51/52
tt_away,raw,xgb,top10%,256,50.390625,-4.033157060018758,-0.028341306567699863,9.696939590573312,9.037109375,51/50
tt_away,raw,xgb,top5%,128,49.21875,-6.372923896969946,-0.028341306567699863,9.696939590573312,9.037109375,51/47
tt_away,raw,cat,top100%,2555,49.74559686888454,-5.4526121318759735,-0.024751723925399607,9.60330162789854,9.037109375,50/50
tt_away,raw,cat,top50%,1278,48.74804381846635,-7.247799563149658,-0.024751723925399607,9.60330162789854,9.037109375,48/50
tt_away,raw,cat,top25%,640,48.28125,-8.13744238952286,-0.024751723925399607,9.60330162789854,9.037109375,47/49
tt_away,raw,cat,top10%,256,50.0,-4.651003391903727,-0.024751723925399607,9.60330162789854,9.037109375,51/49
tt_away,raw,cat,top5%,128,55.46875,5.816027037298445,-0.024751723925399607,9.60330162789854,9.037109375,56/55
tt_away,raw,lgbm_clf,top100%,2555,49.54990215264188,-5.824931347924603,-9.36069960922115e-05,,,51/48
tt_away,raw,lgbm_clf,top50%,1275,50.588235294117645,-3.8507496868084434,-9.36069960922115e-05,,,52/49
tt_away,raw,lgbm_clf,top25%,638,48.7460815047022,-7.280569617364607,-9.36069960922115e-05,,,52/43
tt_away,raw,lgbm_clf,top10%,255,48.627450980392155,-7.542434045400386,-9.36069960922115e-05,,,48/52
tt_away,raw,lgbm_clf,top5%,127,45.66929133858268,-13.183173013879893,-9.36069960922115e-05,,,47/42
tt_away,raw,hgb_clf,top100%,2555,49.39334637964775,-6.130816686024142,-0.0005642649114456174,,,51/48
tt_away,raw,hgb_clf,top50%,1276,49.92163009404389,-5.099942268563749,-0.0005642649114456174,,,53/47
tt_away,raw,hgb_clf,top25%,639,51.173708920187785,-2.7816547538906313,-0.0005642649114456174,,,52/49
tt_away,raw,hgb_clf,top10%,256,50.390625,-4.205272147326446,-0.0005642649114456174,,,51/47
tt_away,raw,hgb_clf,top5%,128,49.21875,-6.454785279723284,-0.0005642649114456174,,,50/-
tt_away,raw,stack,top100%,2555,50.09784735812133,-4.784411750482559,-0.009905563401992957,9.98139706220812,9.037109375,50/51
tt_away,raw,stack,top50%,1279,50.820953870211106,-3.41115889842971,-0.009905563401992957,9.98139706220812,9.037109375,50/52
tt_away,raw,stack,top25%,640,49.84375,-5.252457984579464,-0.009905563401992957,9.98139706220812,9.037109375,47/52
tt_away,raw,stack,top10%,256,52.734375,0.3530606624535936,-0.009905563401992957,9.98139706220812,9.037109375,50/55
tt_away,raw,stack,top5%,128,53.125,0.9677907539723363,-0.009905563401992957,9.98139706220812,9.037109375,48/60
tt_away,raw,mean,top100%,2555,49.08023483365949,-6.7045999675203225,-0.024230762324684435,9.602461842817686,9.037109375,48/50
tt_away,raw,mean,top50%,1277,48.47298355520751,-7.802483872374255,-0.024230762324684435,9.602461842817686,9.037109375,47/50
tt_away,raw,mean,top25%,640,49.84375,-5.151556316789254,-0.024230762324684435,9.602461842817686,9.037109375,48/52
tt_away,raw,mean,top10%,256,51.5625,-1.7927129305079472,-0.024230762324684435,9.602461842817686,9.037109375,51/52
tt_away,raw,mean,top5%,128,53.125,1.1629355635547975,-0.024230762324684435,9.602461842817686,9.037109375,51/56
tt_away,anchored,ridge,top100%,2555,49.78473581213307,-5.41066047278389,0.013100655294345028,9.189302401142807,9.037109375,48/52
tt_away,anchored,ridge,top50%,1278,50.31298904538342,-4.427288715911258,0.013100655294345028,9.189302401142807,9.037109375,50/51
tt_away,anchored,ridge,top25%,640,49.6875,-5.590380133015181,0.013100655294345028,9.189302401142807,9.037109375,48/53
tt_away,anchored,ridge,top10%,256,48.4375,-8.006252932248117,0.013100655294345028,9.189302401142807,9.037109375,46/54
tt_away,anchored,ridge,top5%,128,49.21875,-6.3961864305581635,0.013100655294345028,9.189302401142807,9.037109375,51/43
tt_away,anchored,hgb,top100%,2555,50.25440313111545,-4.468809744600797,-0.0037604404098992915,9.406849235356287,9.037109375,49/52
tt_away,anchored,hgb,top50%,1276,49.843260188087775,-5.299839739962174,-0.0037604404098992915,9.406849235356287,9.037109375,48/52
tt_away,anchored,hgb,top25%,638,48.589341692789965,-7.6512217529130035,-0.0037604404098992915,9.406849235356287,9.037109375,48/49
tt_away,anchored,hgb,top10%,256,44.921875,-14.6536773403025,-0.0037604404098992915,9.406849235356287,9.037109375,43/47
tt_away,anchored,hgb,top5%,128,47.65625,-9.590827314198885,-0.0037604404098992915,9.406849235356287,9.037109375,51/42
tt_away,anchored,lgbm,top100%,2555,50.76320939334637,-3.5419650004649186,0.016500368347749948,9.331073437542864,9.037109375,50/51
tt_away,anchored,lgbm,top50%,1278,49.92175273865415,-5.1603761885672155,0.016500368347749948,9.331073437542864,9.037109375,49/51
tt_away,anchored,lgbm,top25%,639,48.98278560250392,-6.930805071866532,0.016500368347749948,9.331073437542864,9.037109375,49/50
tt_away,anchored,lgbm,top10%,255,48.627450980392155,-7.692957947434606,0.016500368347749948,9.331073437542864,9.037109375,51/45
tt_away,anchored,lgbm,top5%,127,44.881889763779526,-14.784272965325851,0.016500368347749948,9.331073437542864,9.037109375,47/41
tt_away,anchored,xgb,top100%,2555,50.136986301369866,-4.7366446263957,-0.002158820716730363,9.311108562350274,9.037109375,49/51
tt_away,anchored,xgb,top50%,1277,50.195771339075954,-4.5812046362001775,-0.002158820716730363,9.311108562350274,9.037109375,49/51
tt_away,anchored,xgb,top25%,638,48.90282131661442,-7.036308484389926,-0.002158820716730363,9.311108562350274,9.037109375,48/50
tt_away,anchored,xgb,top10%,255,47.05882352941176,-10.634718442049452,-0.002158820716730363,9.311108562350274,9.037109375,48/45
tt_away,anchored,xgb,top5%,127,44.09448818897638,-16.275128314282,-0.002158820716730363,9.311108562350274,9.037109375,44/45
tt_away,anchored,cat,top100%,2555,50.91976516634051,-3.2706201877103194,0.0055829006067775605,9.174965832206738,9.037109375,51/51
tt_away,anchored,cat,top50%,1277,49.64761158966327,-5.661927485300575,0.0055829006067775605,9.174965832206738,9.037109375,50/49
tt_away,anchored,cat,top25%,637,48.97959183673469,-6.909121905214851,0.0055829006067775605,9.174965832206738,9.037109375,52/45
tt_away,anchored,cat,top10%,255,48.627450980392155,-7.538849843845839,0.0055829006067775605,9.174965832206738,9.037109375,53/41
tt_away,anchored,cat,top5%,128,46.875,-10.871084045523025,0.0055829006067775605,9.174965832206738,9.037109375,51/40
tt_away,anchored,lgbm_clf,top100%,2555,51.2720156555773,-2.5764683211547847,0.030231902920841363,,,52/51
tt_away,anchored,lgbm_clf,top50%,1277,50.58731401722788,-3.8747087849993576,0.030231902920841363,,,53/47
tt_away,anchored,lgbm_clf,top25%,638,52.507836990595614,-0.18550487421907766,0.030231902920841363,,,54/50
tt_away,anchored,lgbm_clf,top10%,254,48.4251968503937,-7.8793468726157405,0.030231902920841363,,,49/45
tt_away,anchored,lgbm_clf,top5%,128,42.1875,-19.786976908193,0.030231902920841363,,,42/41
tt_away,anchored,hgb_clf,top100%,2555,49.86301369863014,-5.269300701809552,0.0036444636517828947,,,51/49
tt_away,anchored,hgb_clf,top50%,1277,50.90054815974941,-3.315001920533869,0.0036444636517828947,,,53/48
tt_away,anchored,hgb_clf,top25%,639,51.64319248826291,-1.856988058547058,0.0036444636517828947,,,53/50
tt_away,anchored,hgb_clf,top10%,256,48.828125,-7.2563377210397695,0.0036444636517828947,,,50/43
tt_away,anchored,hgb_clf,top5%,128,46.09375,-12.490064240601749,0.0036444636517828947,,,47/-
tt_away,anchored,stack,top100%,2555,51.11545988258317,-2.8913843438735154,0.0008101316297355507,9.169822050977503,9.037109375,51/51
tt_away,anchored,stack,top50%,1279,50.50820953870211,-4.060283652612461,0.0008101316297355507,9.169822050977503,9.037109375,50/51
tt_away,anchored,stack,top25%,639,51.173708920187785,-2.775287914211653,0.0008101316297355507,9.169822050977503,9.037109375,52/49
tt_away,anchored,stack,top10%,255,48.627450980392155,-7.674066437278363,0.0008101316297355507,9.169822050977503,9.037109375,48/-
tt_away,anchored,stack,top5%,128,51.5625,-2.070972107597739,0.0008101316297355507,9.169822050977503,9.037109375,52/-
tt_away,anchored,mean,top100%,2555,50.0587084148728,-4.906415533667093,0.006239378313237103,9.219145192397045,9.037109375,49/51
tt_away,anchored,mean,top50%,1278,50.54773082942097,-3.9608505952292288,0.006239378313237103,9.219145192397045,9.037109375,49/52
tt_away,anchored,mean,top25%,639,48.82629107981221,-7.168267351988342,0.006239378313237103,9.219145192397045,9.037109375,50/47
tt_away,anchored,mean,top10%,255,47.84313725490196,-9.042656334507186,0.006239378313237103,9.219145192397045,9.037109375,50/44
tt_away,anchored,mean,top5%,127,43.30708661417323,-17.80022479031553,0.006239378313237103,9.219145192397045,9.037109375,45/40
