market,cut,venue,n,win,roi,blind_roi,delta,mae_blend,mae_line,mae_model
player_assists,top100%,cons,35495,45.65150021129736,-6.201794511550815,-4.797830349258141,-1.4039641622926737,1.5240209843023933,1.5341221716916513,1.5217165186233925
player_assists,top100%,best,35622,46.87412273314244,-11.282211975836887,-2.153497306871278,-9.128714668965609,1.5240209843023933,1.5341221716916513,1.5217165186233925
player_assists,top100%,second,30054,46.519598056831036,-11.8014242828047,-3.6223953047253747,-8.179028978079325,1.5240209843023933,1.5341221716916513,1.5217165186233925
player_assists,top25%,cons,8879,42.05428539249916,-5.96161809291425,-6.607499972752776,0.6458818798385257,1.5240209843023933,1.5341221716916513,1.5217165186233925
player_assists,top25%,best,8906,43.79070289692342,-16.8925925148971,-4.22283947374107,-12.66975304115603,1.5240209843023933,1.5341221716916513,1.5217165186233925
player_assists,top25%,second,7515,43.80572188955422,-16.69729696221139,-4.769320150097449,-11.92797681211394,1.5240209843023933,1.5341221716916513,1.5217165186233925
player_assists,top10%,cons,3554,39.53292065278559,-8.364257738036123,-8.139681339800592,-0.22457639823553066,1.5240209843023933,1.5341221716916513,1.5217165186233925
player_assists,top10%,best,3563,40.6679764243615,-21.17538729177042,-5.957353453003153,-15.218033838767267,1.5240209843023933,1.5341221716916513,1.5217165186233925
player_assists,top10%,second,3009,41.110003323363244,-21.119703484674986,-7.504592254020004,-13.615111230654982,1.5240209843023933,1.5341221716916513,1.5217165186233925
player_assists,top5%,cons,1780,38.59550561797753,-9.374657742093119,-8.190145572919524,-1.184512169173594,1.5240209843023933,1.5341221716916513,1.5217165186233925
player_assists,top5%,best,1782,39.64646464646464,-22.740233084970853,-6.0401946874847585,-16.700038397486097,1.5240209843023933,1.5341221716916513,1.5217165186233925
player_assists,top5%,second,1503,40.38589487691284,-22.112141909475575,-4.17799576075967,-17.934146148715904,1.5240209843023933,1.5341221716916513,1.5217165186233925
player_blocks,top100%,cons,29712,53.10985460420032,-4.561899336406988,-3.330219543037969,-1.2316797933690191,0.6233419030090721,0.6795922480099419,0.6105353732039336
player_blocks,top100%,best,29773,53.130353004399964,18.82171295389307,-2.452854708092856,21.274567661985927,0.6233419030090721,0.6795922480099419,0.6105353732039336
player_blocks,top100%,second,13306,51.01457988877198,5.972463301065613,-3.7816631924778146,9.754126493543428,0.6233419030090721,0.6795922480099419,0.6105353732039336
player_blocks,top25%,cons,7426,51.33315378400215,-1.469186806402661,-1.8347269500518726,0.3655401436492116,0.6233419030090721,0.6795922480099419,0.6105353732039336
player_blocks,top25%,best,7448,51.51047261009667,6.215874544243808,-0.5374438924640897,6.7533184367078976,0.6233419030090721,0.6795922480099419,0.6105353732039336
player_blocks,top25%,second,3327,50.375713856327025,-0.45021877189925164,-1.7914352024285902,1.3412164305293386,0.6233419030090721,0.6795922480099419,0.6105353732039336
player_blocks,top10%,cons,2970,49.831649831649834,-0.5313154101773143,-2.0729560001129252,1.541640589935611,0.6233419030090721,0.6795922480099419,0.6105353732039336
player_blocks,top10%,best,2978,50.03357958361316,-0.21849526223758398,-0.6221732010850977,0.4036779388475137,0.6233419030090721,0.6795922480099419,0.6105353732039336
player_blocks,top10%,second,1331,51.126972201352366,-0.5141564055012188,1.1154396116599206,-1.6295960171611394,0.6233419030090721,0.6795922480099419,0.6105353732039336
player_blocks,top5%,cons,1487,50.302622730329524,0.6957902472213201,-0.4500404330973827,1.1458306803187028,0.6233419030090721,0.6795922480099419,0.6105353732039336
player_blocks,top5%,best,1489,50.33579583613163,-0.305299353807704,1.663450133168033,-1.968749486975737,0.6233419030090721,0.6795922480099419,0.6105353732039336
player_blocks,top5%,second,666,50.22522522522523,-1.9138008982569605,1.760760173425302,-3.6745610716822625,0.6233419030090721,0.6795922480099419,0.6105353732039336
player_points,top100%,cons,38542,49.774272222510504,-5.256409002299326,-4.19954685793452,-1.056862144364806,4.922363348762911,4.915945819952347,4.970940114697909
player_points,top100%,best,38612,50.253807106598984,-5.504194594048274,-0.6653560371234924,-4.838838556924781,4.922363348762911,4.915945819952347,4.970940114697909
player_points,top100%,second,37052,50.01349454820253,-6.057248121781212,-2.5692405333776884,-3.4880075884035238,4.922363348762911,4.915945819952347,4.970940114697909
player_points,top25%,cons,9638,49.356713010998135,-4.684370241612412,-4.2480383566935345,-0.43633188491887775,4.922363348762911,4.915945819952347,4.970940114697909
player_points,top25%,best,9653,50.03625815808557,-6.071901045400812,-1.1250173626916218,-4.94688368270919,4.922363348762911,4.915945819952347,4.970940114697909
player_points,top25%,second,9264,49.579015544041454,-7.0253523031252865,-2.690801683279311,-4.334550619845976,4.922363348762911,4.915945819952347,4.970940114697909
player_points,top10%,cons,3857,50.427793621986,-2.0598262432544443,-2.494040588223628,0.43421434496918376,4.922363348762911,4.915945819952347,4.970940114697909
player_points,top10%,best,3862,51.061626100466086,-4.150479081256102,0.7407645435916026,-4.8912436248477045,4.922363348762911,4.915945819952347,4.970940114697909
player_points,top10%,second,3706,50.74203993524015,-4.913185510324004,-0.5538375391808318,-4.359347971143172,4.922363348762911,4.915945819952347,4.970940114697909
player_points,top5%,cons,1930,49.94818652849741,-2.3219145270826904,-2.620670122186137,0.2987555951034464,4.922363348762911,4.915945819952347,4.970940114697909
player_points,top5%,best,1932,50.64699792960663,-4.753920448245963,0.8624380419713369,-5.6163584902173,4.922363348762911,4.915945819952347,4.970940114697909
player_points,top5%,second,1853,50.755531570426335,-4.882981863397556,-0.21151730773645802,-4.671464555661098,4.922363348762911,4.915945819952347,4.970940114697909
player_points_assists,top100%,cons,33635,49.49308755760369,-5.755935893718708,-4.944957071735013,-0.8109788219836949,5.440981025931238,5.4366255509214065,5.494019809933813
player_points_assists,top100%,best,33807,49.621380187535124,-6.958403942638377,-2.460689355604403,-4.497714587033974,5.440981025931238,5.4366255509214065,5.494019809933813
player_points_assists,top100%,second,28195,49.98226635928356,-6.5251393767615795,-4.39712514139951,-2.1280142353620697,5.440981025931238,5.4366255509214065,5.494019809933813
player_points_assists,top25%,cons,8416,48.89496197718631,-5.407777376217987,-3.1806742425427235,-2.2271031336752634,5.440981025931238,5.4366255509214065,5.494019809933813
player_points_assists,top25%,best,8452,49.00615238996687,-7.992561914686112,-0.9439457551709748,-7.048616159515137,5.440981025931238,5.4366255509214065,5.494019809933813
player_points_assists,top25%,second,7049,49.822669882252804,-6.826928513728907,-2.180049802956302,-4.646878710772605,5.440981025931238,5.4366255509214065,5.494019809933813
player_points_assists,top10%,cons,3369,49.62897002077768,-3.639140048413434,-1.1501337237087759,-2.489006324704658,5.440981025931238,5.4366255509214065,5.494019809933813
player_points_assists,top10%,best,3382,49.65996451803666,-6.682172722537302,0.8636925785870048,-7.545865301124307,5.440981025931238,5.4366255509214065,5.494019809933813
player_points_assists,top10%,second,2820,51.241134751773046,-4.156185428724221,0.9230227335124996,-5.079208162236721,5.440981025931238,5.4366255509214065,5.494019809933813
player_points_assists,top5%,cons,1688,51.362559241706165,-0.14002321031986253,2.7489161321902165,-2.888939342510079,5.440981025931238,5.4366255509214065,5.494019809933813
player_points_assists,top5%,best,1695,51.209439528023594,-3.719979559777409,4.292524318076165,-8.012503877853574,5.440981025931238,5.4366255509214065,5.494019809933813
player_points_assists,top5%,second,1410,53.652482269503544,0.4242581594074871,4.895999626064977,-4.47174146665749,5.440981025931238,5.4366255509214065,5.494019809933813
player_points_rebounds,top100%,cons,35776,50.47238372093024,-4.074286106034234,-4.144416533223951,0.07013042718971718,5.822688774215612,5.819831974851866,5.8773803815819115
player_points_rebounds,top100%,best,35947,50.58141152251926,-5.091763920792884,-1.2909556117001955,-3.8008083090926883,5.822688774215612,5.819831974851866,5.8773803815819115
player_points_rebounds,top100%,second,33016,50.64968500121154,-5.06384789145741,-3.324810987614187,-1.739036903843223,5.822688774215612,5.819831974851866,5.8773803815819115
player_points_rebounds,top25%,cons,8954,50.06700915791825,-3.6019393860934326,-3.5552644439379444,-0.046674942155488175,5.822688774215612,5.819831974851866,5.8773803815819115
player_points_rebounds,top25%,best,8988,50.17801513128616,-5.750253007419384,-0.8500122286555074,-4.900240778763877,5.822688774215612,5.819831974851866,5.8773803815819115
player_points_rebounds,top25%,second,8254,50.599709231887566,-5.149402698853532,-3.024236363592811,-2.1251663352607206,5.822688774215612,5.819831974851866,5.8773803815819115
player_points_rebounds,top10%,cons,3577,50.79675705898797,-1.942171602566415,-0.6292045233067701,-1.312967079259645,5.822688774215612,5.819831974851866,5.8773803815819115
player_points_rebounds,top10%,best,3596,50.820355951056726,-4.488594909597424,1.8412155821273006,-6.329810491724725,5.822688774215612,5.819831974851866,5.8773803815819115
player_points_rebounds,top10%,second,3302,51.559660811629314,-3.340614939515768,-0.5137728027399203,-2.8268421367758476,5.822688774215612,5.819831974851866,5.8773803815819115
player_points_rebounds,top5%,cons,1790,50.78212290502794,-2.267153389627041,0.2143926127662872,-2.481546002393328,5.822688774215612,5.819831974851866,5.8773803815819115
player_points_rebounds,top5%,best,1798,50.77864293659621,-4.500857807770454,2.439177798747486,-6.94003560651794,5.822688774215612,5.819831974851866,5.8773803815819115
player_points_rebounds,top5%,second,1651,52.66505148394912,-1.2390715580575762,0.9709460528816765,-2.2100176109392526,5.822688774215612,5.819831974851866,5.8773803815819115
player_points_rebounds_assists,top100%,cons,37655,49.84995352542823,-5.554257851485285,-4.284768056432623,-1.269489795052662,6.194056963422125,6.19131147974707,6.244226984618212
player_points_rebounds_assists,top100%,best,37797,50.02910283884964,-6.148461611191362,-1.1414377835136458,-5.007023827677716,6.194056963422125,6.19131147974707,6.244226984618212
player_points_rebounds_assists,top100%,second,34789,50.0028744718158,-6.252475773298908,-3.1620427856893794,-3.0904329876095287,6.194056963422125,6.19131147974707,6.244226984618212
player_points_rebounds_assists,top25%,cons,9420,49.968152866242036,-4.156622849958464,-3.909018930609312,-0.24760391934915216,6.194056963422125,6.19131147974707,6.244226984618212
player_points_rebounds_assists,top25%,best,9450,50.15343915343915,-5.902605341855811,-1.021081352990771,-4.881523988865039,6.194056963422125,6.19131147974707,6.244226984618212
player_points_rebounds_assists,top25%,second,8698,49.908024833295016,-6.493337961908701,-3.2100470689938905,-3.28329089291481,6.194056963422125,6.19131147974707,6.244226984618212
player_points_rebounds_assists,top10%,cons,3770,50.76923076923077,-2.4058377268459816,-3.027416913515693,0.6215791866697113,6.194056963422125,6.19131147974707,6.244226984618212
player_points_rebounds_assists,top10%,best,3780,50.5952380952381,-4.971196066450189,-0.6289944320759445,-4.342201634374245,6.194056963422125,6.19131147974707,6.244226984618212
player_points_rebounds_assists,top10%,second,3479,50.84794481172751,-4.713579543742273,-1.5683915362203216,-3.145188007521951,6.194056963422125,6.19131147974707,6.244226984618212
player_points_rebounds_assists,top5%,cons,1888,50.26483050847458,-3.4304318223464287,-3.660449139395003,0.2300173170485742,6.194056963422125,6.19131147974707,6.244226984618212
player_points_rebounds_assists,top5%,best,1890,50.0,-6.00313849865444,-1.0788291913491708,-4.924309307305269,6.194056963422125,6.19131147974707,6.244226984618212
player_points_rebounds_assists,top5%,second,1740,50.632183908045974,-5.215281433072584,-1.7212899868515719,-3.4939914462210124,6.194056963422125,6.19131147974707,6.244226984618212
player_rebounds,top100%,cons,37697,47.08597501127411,-5.708258419602032,-3.4908083527683376,-2.2174500668336945,2.004919195741445,2.0108273181565797,2.0097066521235996
player_rebounds,top100%,best,37821,48.603950186404376,-8.346409528304191,0.22281766306581435,-8.569227191370006,2.004919195741445,2.0108273181565797,2.0097066521235996
player_rebounds,top100%,second,35969,47.95657371625566,-9.446768140225451,-1.6815008225998167,-7.765267317625635,2.004919195741445,2.0108273181565797,2.0097066521235996
player_rebounds,top25%,cons,9454,44.552570340596574,-4.990969271394549,-4.071313555103946,-0.9196557162906034,2.004919195741445,2.0108273181565797,2.0097066521235996
player_rebounds,top25%,best,9456,47.11823181049069,-12.095922998794041,-0.2368608202829377,-11.859062178511103,2.004919195741445,2.0108273181565797,2.0097066521235996
player_rebounds,top25%,second,8993,45.99688646725231,-13.196103699173104,-1.700847112839524,-11.49525658633358,2.004919195741445,2.0108273181565797,2.0097066521235996
player_rebounds,top10%,cons,3782,43.33685880486515,-5.145936457332891,-5.147230275278682,0.001293817945790643,2.004919195741445,2.0108273181565797,2.0097066521235996
player_rebounds,top10%,best,3783,45.75733544805709,-14.544704717963327,-1.96817009467282,-12.576534623290508,2.004919195741445,2.0108273181565797,2.0097066521235996
player_rebounds,top10%,second,3597,45.02363080344732,-14.794972110596637,-3.0886525507267564,-11.70631955986988,2.004919195741445,2.0108273181565797,2.0097066521235996
player_rebounds,top5%,cons,1893,42.52509244585314,-5.625194245019541,-7.087316358146123,1.4621221131265818,2.004919195741445,2.0108273181565797,2.0097066521235996
player_rebounds,top5%,best,1893,44.532488114104595,-16.022255328743153,-4.112909587047999,-11.909345741695155,2.004919195741445,2.0108273181565797,2.0097066521235996
player_rebounds,top5%,second,1799,44.191217342968315,-15.607571774154588,-5.1760631577712815,-10.431508616383306,2.004919195741445,2.0108273181565797,2.0097066521235996
player_rebounds_assists,top100%,cons,33090,48.16258688425506,-5.441116331278575,-3.1543244999245457,-2.2867918313540296,2.781184261111983,2.7796046693543532,2.802719785364147
player_rebounds_assists,top100%,best,33238,48.93495396834948,-8.043874270742826,-0.7678718908045853,-7.276002379938241,2.781184261111983,2.7796046693543532,2.802719785364147
player_rebounds_assists,top100%,second,26796,48.49977608598298,-9.011130338329792,-3.109599950865572,-5.90153038746422,2.781184261111983,2.7796046693543532,2.802719785364147
player_rebounds_assists,top25%,cons,8306,46.48446905851192,-4.506124323200324,-3.2286655736377146,-1.2774587495626095,2.781184261111983,2.7796046693543532,2.802719785364147
player_rebounds_assists,top25%,best,8312,47.57579403272378,-10.69293486759339,-1.1109904057137432,-9.581944461879647,2.781184261111983,2.7796046693543532,2.802719785364147
player_rebounds_assists,top25%,second,6699,46.47708613225855,-12.587042663823064,-3.214578517142793,-9.372464146680272,2.781184261111983,2.7796046693543532,2.802719785364147
player_rebounds_assists,top10%,cons,3324,46.29963898916967,-2.965753011755134,-3.354985956393998,0.3892329446388638,2.781184261111983,2.7796046693543532,2.802719785364147
player_rebounds_assists,top10%,best,3324,47.277376654632974,-11.186142782226796,-1.7806232764545904,-9.405519505772205,2.781184261111983,2.7796046693543532,2.802719785364147
player_rebounds_assists,top10%,second,2680,46.38059701492537,-12.699134894716206,-3.6841931494314277,-9.014941745284778,2.781184261111983,2.7796046693543532,2.802719785364147
player_rebounds_assists,top5%,cons,1662,45.84837545126354,-2.871537230075051,-5.644511480767518,2.772974250692467,2.781184261111983,2.7796046693543532,2.802719785364147
player_rebounds_assists,top5%,best,1662,46.3898916967509,-12.549402857945715,-5.168345731948687,-7.381057125997028,2.781184261111983,2.7796046693543532,2.802719785364147
player_rebounds_assists,top5%,second,1340,46.56716417910448,-12.173917418095602,-4.278793708601994,-7.895123709493608,2.781184261111983,2.7796046693543532,2.802719785364147
player_steals,top100%,cons,21364,48.92342258004119,-3.407128646542932,-2.8017101836235776,-0.6054184629193542,0.8308755918818649,0.8702688896112943,0.830258801994467
player_steals,top100%,best,21533,49.022430687781544,-4.132693778708427,-1.3197003602040427,-2.8129934185043846,0.8308755918818649,0.8702688896112943,0.830258801994467
player_steals,top100%,second,15586,49.528422943667394,-2.8370895641813467,-3.4185120471402186,0.5814224829588719,0.8308755918818649,0.8702688896112943,0.830258801994467
player_steals,top25%,cons,5299,47.6882430647292,-0.2535699200778665,-0.1092036662629965,-0.14436625381487,0.8308755918818649,0.8702688896112943,0.830258801994467
player_steals,top25%,best,5388,47.78210838901262,-7.256187676675424,1.0326114046901087,-8.288799081365532,0.8308755918818649,0.8702688896112943,0.830258801994467
player_steals,top25%,second,3897,48.85809597125994,-3.6685624534361234,-1.7722586836605645,-1.896303769775559,0.8308755918818649,0.8702688896112943,0.830258801994467
player_steals,top10%,cons,2107,46.89131466540105,1.28099848209086,0.13755346623200287,1.1434450158588572,0.8308755918818649,0.8702688896112943,0.830258801994467
player_steals,top10%,best,2155,47.030162412993036,-8.762922992285885,1.2946265479528156,-10.0575495402387,0.8308755918818649,0.8702688896112943,0.830258801994467
player_steals,top10%,second,1559,48.33226427196921,-4.526404102617842,0.35939342016742504,-4.885797522785267,0.8308755918818649,0.8702688896112943,0.830258801994467
player_steals,top5%,cons,1055,45.87677725118483,0.6545866270200901,1.2788422977754854,-0.6242556707553953,0.8308755918818649,0.8702688896112943,0.830258801994467
player_steals,top5%,best,1077,46.00742804085422,-10.652435163490841,2.078056479341583,-12.730491642832424,0.8308755918818649,0.8702688896112943,0.830258801994467
player_steals,top5%,second,780,45.76923076923077,-9.691450588214092,1.4337109449582224,-11.125161533172314,0.8308755918818649,0.8702688896112943,0.830258801994467
player_threes,top100%,cons,34002,47.7442503382154,-5.122561913982194,-3.2068231906423037,-1.9157387233398904,1.1248502328566743,1.14087935939929,1.1194349345426418
player_threes,top100%,best,34093,48.43516264335788,-6.253836545367136,-0.3110953971485273,-5.942741148218609,1.1248502328566743,1.14087935939929,1.1194349345426418
player_threes,top100%,second,31806,48.24875809595674,-6.91586383174802,-1.9228452909954508,-4.993018540752569,1.1248502328566743,1.14087935939929,1.1194349345426418
player_threes,top25%,cons,8476,46.047663992449266,-4.749712172180147,-3.448182638381213,-1.3015295337989343,1.1248502328566743,1.14087935939929,1.1194349345426418
player_threes,top25%,best,8526,46.56345296739385,-9.27498479586321,-0.7136724027646643,-8.561312393098545,1.1248502328566743,1.14087935939929,1.1194349345426418
player_threes,top25%,second,7952,46.98189134808853,-9.094068919958723,-2.634278409018123,-6.4597905109406,1.1248502328566743,1.14087935939929,1.1194349345426418
player_threes,top10%,cons,3388,42.11924439197167,-7.632893549087057,-2.688870470808135,-4.9440230782789225,1.1248502328566743,1.14087935939929,1.1194349345426418
player_threes,top10%,best,3411,42.94928173556142,-15.734774844103356,-0.3331134166231046,-15.401661427480251,1.1248502328566743,1.14087935939929,1.1194349345426418
player_threes,top10%,second,3181,44.02703552342031,-14.577750717832846,-2.4851247223245765,-12.09262599550827,1.1248502328566743,1.14087935939929,1.1194349345426418
player_threes,top5%,cons,1696,39.15094339622642,-9.262776866836369,-4.227591671471326,-5.035185195365043,1.1248502328566743,1.14087935939929,1.1194349345426418
player_threes,top5%,best,1705,39.82404692082112,-20.599033877996405,-2.663553872765684,-17.935480005230723,1.1248502328566743,1.14087935939929,1.1194349345426418
player_threes,top5%,second,1594,42.4090338770389,-17.325211767869135,-3.860643614490179,-13.464568153378956,1.1248502328566743,1.14087935939929,1.1194349345426418
