coach,n_big_drives,tempo_big,tempo_neutral,tempo_delta,pass_big,pass_neutral,pass_delta,starter_share_q4,n_q4_dropbacks,pts_drive_big,expansion_med,n_big_games,go4_rate,n_go4,hammer
Jedd Fisch,39.0,29.5,27.333333333333332,2.166666666666668,0.4470588235294118,0.4854014598540146,-0.03834263632460283,0.66,50.0,3.7435897435897436,10.0,13.0,0.4166666666666667,12.0,1.055860299833213
Curt Cignetti,100.0,29.25,27.333333333333332,1.9166666666666679,0.30045871559633025,0.4573002754820937,-0.15684155988576343,0.5833333333333334,72.0,4.16,14.0,26.0,0.75,20.0,1.0223379314608034
Jim Mora,33.0,26.0,27.4,-1.3999999999999986,0.40425531914893614,0.40458015267175573,-0.00032483352281958977,0.21212121212121213,33.0,3.303030303030303,13.5,8.0,0.6,10.0,0.9599505840609828
Gus Malzahn,68.0,24.875,24.666666666666668,0.20833333333333215,0.33214285714285713,0.377560106856634,-0.045417249713776864,0.42592592592592593,54.0,3.3676470588235294,11.0,15.0,0.5833333333333334,12.0,0.8407083711077664
Mack Brown,33.0,24.25,23.668181818181818,0.581818181818182,0.37272727272727274,0.4569640062597809,-0.08423673353250816,0.7419354838709677,31.0,3.0303030303030303,9.5,10.0,0.5454545454545454,11.0,0.8387264926918128
Lane Kiffin,86.0,22.428571428571427,21.125,1.303571428571427,0.4425770308123249,0.45159313725490197,-0.009016106442577054,0.4074074074074074,81.0,3.2209302325581395,12.0,20.0,0.8,10.0,0.8294111666138173
Clay Helton,26.0,25.6875,24.666666666666668,1.0208333333333321,0.5851063829787234,0.5570583262890956,0.028048056689627843,0.6896551724137931,29.0,2.6538461538461537,7.0,7.0,0.42857142857142855,7.0,0.7912111452274816
Greg Schiano,41.0,29.266666666666666,28.78333333333333,0.4833333333333343,0.24186046511627907,0.41563467492260064,-0.17377420980632158,0.5142857142857142,35.0,4.024390243902439,10.0,12.0,0.7142857142857143,14.0,0.7622360431286357
Mark Stoops,46.0,31.428571428571427,30.4,1.0285714285714285,0.39705882352941174,0.4098360655737705,-0.012777242044358761,0.5,62.0,3.282608695652174,7.0,17.0,0.75,12.0,0.7165921514161584
Dino Babers,26.0,23.833333333333336,26.25,-2.4166666666666643,0.2980769230769231,0.3801955990220049,-0.08211867594508182,,8.0,2.0,13.5,6.0,0.5714285714285714,7.0,0.6712750037206807
Mario Cristobal,73.0,29.5,28.13392857142857,1.3660714285714306,0.39759036144578314,0.48565279770444764,-0.0880624362586645,0.35714285714285715,84.0,3.7260273972602738,10.0,23.0,0.46153846153846156,13.0,0.6473551659353552
Jerry Kill,31.0,29.5,30.666666666666668,-1.1666666666666679,0.21875,0.40111940298507465,-0.18236940298507465,0.7,10.0,2.4193548387096775,14.0,7.0,0.25,4.0,0.6426811158748965
Mike Leach,29.0,26.375,26.0,0.375,0.7377049180327869,0.7197231833910035,0.01798173464178343,0.4626865671641791,67.0,2.8275862068965516,7.0,7.0,0.2222222222222222,9.0,0.6366582095021339
Jay Norvell,26.0,28.577380952380953,27.126984126984127,1.450396825396826,0.5959595959595959,0.4676898222940226,0.1282697736655733,0.37037037037037035,27.0,2.6538461538461537,3.5,8.0,0.05,20.0,0.5200582878840752
Brent Key,28.0,26.666666666666664,26.666666666666668,-3.552713678800501e-15,0.3867924528301887,0.39587073608617596,-0.009078283255987252,0.4444444444444444,27.0,2.6785714285714284,7.0,7.0,1.0,2.0,0.5132527869983117
Bob Chesney,49.0,32.6,26.708333333333336,5.891666666666666,0.27835051546391754,0.40064102564102566,-0.12229051017710812,0.782608695652174,23.0,2.9591836734693877,12.0,10.0,0.5,10.0,0.45940921308741256
Bronco Mendenhall,28.0,28.5,24.183333333333334,4.316666666666666,0.35353535353535354,0.5372945638432364,-0.18375921030788284,0.8,15.0,2.7142857142857144,13.5,6.0,0.3333333333333333,6.0,0.40906695612360916
Luke Fickell,51.0,26.9,25.75,1.1499999999999986,0.3858695652173913,0.47666411629686306,-0.09079455107947176,0.6341463414634146,41.0,2.6862745098039214,7.0,13.0,0.3888888888888889,18.0,0.4034757786465816
Clark Lea,32.0,28.375,30.333333333333332,-1.9583333333333321,0.4056603773584906,0.40132827324478176,0.004332104113708823,0.21428571428571427,14.0,2.65625,6.0,10.0,0.5,10.0,0.3973454945915113
Jimbo Fisher,45.0,28.666666666666668,27.25,1.4166666666666679,0.38341968911917096,0.4445797807551766,-0.061160091636005665,0.42857142857142855,56.0,2.488888888888889,11.0,10.0,0.5,8.0,0.3653846500488279
Brent Venables,68.0,26.96666666666667,21.857142857142858,5.109523809523811,0.37543859649122807,0.4493783303730018,-0.07393973388177372,0.6458333333333334,48.0,2.5,12.5,16.0,0.4666666666666667,15.0,0.3545489240931543
Matt Rhule,28.0,30.0,29.666666666666668,0.33333333333333215,0.4,0.423500611995104,-0.023500611995104004,0.3103448275862069,29.0,3.0714285714285716,4.5,8.0,0.4,5.0,0.3314963100167006
Marcus Freeman,80.0,31.0,28.30952380952381,2.69047619047619,0.34411764705882353,0.39268527430221367,-0.048567627243390143,0.323943661971831,71.0,3.325,7.0,29.0,0.7692307692307693,26.0,0.3147553073337175
Billy Napier,39.0,31.22222222222222,27.625,3.5972222222222214,0.3795180722891566,0.4497469269703543,-0.07022885468119766,0.3269230769230769,52.0,3.2051282051282053,10.5,12.0,0.5263157894736842,19.0,0.31377619110402577
Mike Houston,30.0,28.181818181818183,25.1,3.081818181818182,0.2878787878787879,0.4367816091954023,-0.14890282131661442,0.4,35.0,3.0,14.0,8.0,0.75,4.0,0.30729427897434036
Mike Norvell,67.0,30.625,26.6,4.024999999999999,0.27303754266211605,0.41434262948207173,-0.14130508681995568,0.1702127659574468,47.0,3.671641791044776,14.0,18.0,0.625,8.0,0.2679872866347485
Lincoln Riley,55.0,30.4,26.23611111111111,4.163888888888888,0.45652173913043476,0.5341614906832298,-0.07763975155279507,0.17391304347826086,69.0,3.709090909090909,10.0,17.0,0.4444444444444444,9.0,0.2549445333381602
Tyson Helton,65.0,27.0,23.58571428571429,3.414285714285711,0.5088967971530249,0.5910585141354372,-0.08216171698241226,0.4927536231884058,69.0,3.1384615384615384,6.5,22.0,0.5882352941176471,17.0,0.2495736898013688
Brian Kelly,57.0,29.625,26.708333333333336,2.9166666666666643,0.4185185185185185,0.5155440414507773,-0.09702552293225875,0.43859649122807015,57.0,3.192982456140351,7.0,16.0,0.5625,16.0,0.23455662266134958
Jim Harbaugh,79.0,31.825757575757574,29.25,2.5757575757575744,0.3163841807909605,0.38531073446327685,-0.06892655367231637,0.2261904761904762,84.0,3.2911392405063293,8.5,24.0,0.3333333333333333,21.0,0.22298047126211468
Jeff Monken,50.0,35.15384615384615,33.41428571428571,1.7395604395604423,0.08064516129032258,0.12663755458515283,-0.04599239329483025,0.07692307692307693,13.0,3.56,7.0,15.0,0.8076923076923077,26.0,0.2212676223707261
Nick Saban,73.0,28.857142857142858,26.428571428571427,2.4285714285714306,0.33819241982507287,0.4948216340621404,-0.15662921423706755,0.3088235294117647,68.0,3.2739726027397262,11.5,18.0,0.23529411764705882,17.0,0.22107554370039173
Josh Heupel,117.0,22.75,19.57777777777778,3.1722222222222207,0.3314917127071823,0.4839467501957713,-0.15245503748858902,0.14035087719298245,114.0,3.1452991452991452,17.0,27.0,0.5652173913043478,23.0,0.215731521863091
Ryan Day,140.0,30.5,26.666666666666668,3.833333333333332,0.3755795981452859,0.4899569583931133,-0.11437736024782741,0.34814814814814815,135.0,3.1285714285714286,11.0,35.0,0.5555555555555556,36.0,0.19050959186850988
Joey McGuire,65.0,26.354166666666664,23.0,3.3541666666666643,0.38461538461538464,0.5197792088316467,-0.1351638242162621,0.15384615384615385,39.0,2.953846153846154,17.0,15.0,0.3,10.0,0.19002945665395302
Dan Lanning,102.0,29.708333333333336,26.0,3.7083333333333357,0.3654708520179372,0.46830652790917693,-0.10283567589123971,0.4519230769230769,104.0,3.019607843137255,8.5,28.0,0.5925925925925926,27.0,0.17813493547529008
Neal Brown,33.0,28.833333333333332,28.333333333333332,0.5,0.33727810650887574,0.42714404662781014,-0.0898659401189344,0.11538461538461539,26.0,3.515151515151515,6.0,9.0,1.0,12.0,0.17027379598815112
Pat Narduzzi,68.0,26.7625,25.166666666666668,1.5958333333333314,0.4119601328903654,0.48822714681440443,-0.076267013924039,0.313953488372093,86.0,2.7941176470588234,8.0,18.0,0.5789473684210527,19.0,0.15601600854414713
Dabo Swinney,93.0,26.666666666666668,26.0,0.6666666666666679,0.4807692307692308,0.4749357326478149,0.00583349812141587,0.2796610169491525,118.0,2.225806451612903,7.0,22.0,0.6521739130434783,23.0,0.15025714162241727
Troy Calhoun,45.0,35.96363636363637,31.555555555555557,4.408080808080811,0.014354066985645933,0.09214285714285714,-0.0777887901572112,,1.0,3.088888888888889,7.0,16.0,0.84,25.0,0.14769559606962196
Ryan Silverfield,48.0,31.56666666666667,25.5,6.06666666666667,0.3217821782178218,0.5059055118110236,-0.18412333359320182,0.8620689655172413,29.0,3.0416666666666665,7.0,15.0,0.4782608695652174,23.0,0.14398121254462543
Dave Aranda,46.0,26.0,25.8,0.1999999999999993,0.29743589743589743,0.4799426934097421,-0.18250679597384467,0.5227272727272727,44.0,3.0434782608695654,5.0,14.0,0.8666666666666667,15.0,0.14195012105628457
Dana Holgorsen,31.0,31.333333333333332,27.307692307692307,4.0256410256410255,0.38596491228070173,0.5398428731762065,-0.15387796089550476,0.6097560975609756,41.0,2.6774193548387095,10.0,8.0,0.4444444444444444,9.0,0.12287214682393888
Matt Campbell,41.0,32.142857142857146,27.5,4.642857142857146,0.31547619047619047,0.4459016393442623,-0.13042544886807184,0.3902439024390244,41.0,3.3658536585365852,9.0,11.0,0.25,16.0,0.12114157510181203
Eli Drinkwitz,58.0,29.666666666666668,27.77777777777778,1.8888888888888893,0.30196078431372547,0.41104734576757535,-0.10908656145384987,0.21951219512195122,41.0,3.1551724137931036,8.5,16.0,0.5263157894736842,19.0,0.10490497425296688
Shawn Clark,41.0,29.285714285714285,26.0,3.2857142857142847,0.3212121212121212,0.43682008368200836,-0.11560796246988714,0.6111111111111112,36.0,2.5853658536585367,7.0,13.0,0.5833333333333334,12.0,0.10437060835158496
Jon Sumrall,52.0,32.041666666666664,27.75,4.291666666666664,0.3183856502242152,0.44207066557107644,-0.12368501534686122,0.56,25.0,2.9615384615384617,7.0,16.0,0.5333333333333333,15.0,0.09432151109003237
Kalen DeBoer,89.0,28.854166666666664,26.944444444444443,1.9097222222222214,0.3956043956043956,0.534423994546694,-0.1388195989422984,0.3238095238095238,105.0,3.191011235955056,7.0,23.0,0.7894736842105263,19.0,0.07247023998325597
Kirby Smart,130.0,30.477272727272727,28.194444444444443,2.2828282828282838,0.3663194444444444,0.47093023255813954,-0.10461078811369512,0.23275862068965517,116.0,3.0153846153846153,8.5,36.0,0.53125,32.0,0.046799833823272595
Steve Sarkisian,92.0,27.61904761904762,25.266666666666666,2.3523809523809547,0.3012658227848101,0.4869375907111756,-0.18567176792636547,0.421875,64.0,2.891304347826087,10.0,26.0,0.7368421052631579,19.0,0.04544634692441912
Barry Odom,41.0,27.25,25.229166666666664,2.0208333333333357,0.2710843373493976,0.4146341463414634,-0.14354980899206582,0.5652173913043478,23.0,3.3658536585365852,0.0,12.0,0.4444444444444444,9.0,0.031890228663775624
Jonathan Smith,49.0,30.5,29.75,0.75,0.37083333333333335,0.40585443037974683,-0.035021097046413485,0.39215686274509803,51.0,2.673469387755102,1.0,15.0,0.4117647058823529,17.0,0.02782405759071325
Rich Rodriguez,42.0,29.84285714285714,21.65714285714286,8.185714285714283,0.14689265536723164,0.28345498783454987,-0.13656233246731822,,9.0,3.0476190476190474,14.0,10.0,0.7272727272727273,11.0,-0.01149971442509512
Jeff Tedford,33.0,31.0,26.857142857142858,4.142857142857142,0.33766233766233766,0.5425330812854442,-0.20487074362310653,0.875,16.0,2.3333333333333335,7.0,8.0,0.6666666666666666,6.0,-0.02440261187221259
Michael Desormeaux,30.0,30.5,27.265384615384615,3.2346153846153847,0.3783783783783784,0.4299732381801962,-0.05159485980181783,0.25,40.0,3.2,3.0,11.0,0.3333333333333333,6.0,-0.061746594400269125
Jake Dickert,59.0,29.0,25.88888888888889,3.1111111111111107,0.411214953271028,0.5900621118012422,-0.1788471585302142,0.6,35.0,2.5254237288135593,7.5,14.0,0.6923076923076923,13.0,-0.06836883173478123
Scott Satterfield,37.0,30.0,26.8,3.1999999999999993,0.3,0.39642324888226527,-0.09642324888226528,0.15625,32.0,2.810810810810811,10.0,12.0,0.4,10.0,-0.08916212692933907
James Franklin,88.0,29.375,26.333333333333332,3.041666666666668,0.35561497326203206,0.45718774548311075,-0.10157277222107869,0.2391304347826087,92.0,2.9545454545454546,7.0,23.0,0.6129032258064516,31.0,-0.09469546399329248
Shane Beamer,50.0,30.45,27.625,2.8249999999999993,0.32710280373831774,0.44140625,-0.11430344626168226,0.48148148148148145,54.0,2.9,2.0,17.0,0.75,12.0,-0.12094429695016413
Brian Newberry,31.0,32.857142857142854,30.645833333333336,2.2113095238095184,0.13043478260869565,0.16833095577746077,-0.03789617316876512,,8.0,2.4193548387096775,2.0,8.0,0.5,18.0,-0.1330493566884079
G.J. Kinne,40.0,26.366666666666667,24.142857142857142,2.223809523809525,0.23728813559322035,0.42407199100112486,-0.18678385540790451,0.7333333333333333,15.0,2.8,0.0,13.0,0.42857142857142855,7.0,-0.1424901072020473
Alex Golesh,58.0,23.27922077922078,19.834615384615383,3.4446053946053965,0.27884615384615385,0.44146341463414634,-0.1626172607879925,0.4482758620689655,29.0,2.5517241379310347,8.5,14.0,0.5,12.0,-0.15273699346881417
Chris Klieman,51.0,31.528846153846153,27.2,4.328846153846154,0.3269230769230769,0.42179759377211606,-0.09487451684903914,0.4909090909090909,55.0,2.392156862745098,6.0,17.0,0.3076923076923077,26.0,-0.17271173945122
Hugh Freeze,56.0,28.666666666666668,26.333333333333332,2.3333333333333357,0.3160377358490566,0.4420975965040058,-0.12605986065494923,0.2391304347826087,46.0,2.5535714285714284,8.5,16.0,0.5,10.0,-0.1887889990629467
Charles Huff,63.0,25.13095238095238,23.65714285714286,1.4738095238095212,0.3729508196721312,0.460406447091801,-0.08745562741966983,0.2,40.0,2.380952380952381,7.0,16.0,0.38461538461538464,13.0,-0.19762633426083592
Willie Fritz,45.0,27.5,27.666666666666668,-0.16666666666666785,0.3333333333333333,0.4061032863849765,-0.07276995305164319,0.3,30.0,2.1555555555555554,3.0,13.0,0.6666666666666666,15.0,-0.20662192198402085
P.J. Fleck,42.0,35.0,30.5,4.5,0.20642201834862386,0.40694444444444444,-0.20052242609582058,0.3333333333333333,24.0,3.357142857142857,7.0,14.0,0.36363636363636365,11.0,-0.2261782054739216
Lance Leipold,43.0,31.5,30.0,1.5,0.17964071856287425,0.40109460516028145,-0.2214538865974072,0.3333333333333333,12.0,2.86046511627907,7.0,13.0,0.625,16.0,-0.24324388056719165
Rhett Lashlee,78.0,28.479166666666664,21.895833333333336,6.583333333333329,0.3404255319148936,0.4749316317228806,-0.134506099807987,0.5416666666666666,72.0,2.6666666666666665,7.0,23.0,0.7058823529411765,17.0,-0.24806755241963074
Mike Bloomgren,25.0,30.5,29.0,1.5,0.2708333333333333,0.4703668861712135,-0.1995335528378802,,8.0,2.56,7.0,7.0,0.375,8.0,-0.24866589460781585
Kyle Whittingham,76.0,33.9375,27.4,6.537500000000001,0.22188449848024316,0.4103641456582633,-0.18847964717802013,0.59375,32.0,2.8947368421052633,7.0,24.0,0.64,25.0,-0.25027198329079914
Jeff Brohm,64.0,31.625,27.0,4.625,0.30685920577617326,0.5365551425030979,-0.22969593672692462,0.40425531914893614,47.0,2.5625,13.0,15.0,0.47619047619047616,21.0,-0.25184073717351646
Eric Morris,37.0,31.0,22.25,8.75,0.4049079754601227,0.5566625155666252,-0.15175454010650247,0.3333333333333333,15.0,3.72972972972973,7.5,12.0,0.3333333333333333,9.0,-0.2523206774697131
Jason Candle,93.0,29.0,24.0,5.0,0.30357142857142855,0.4272266473569877,-0.12365521878555913,0.2777777777777778,54.0,2.89247311827957,7.0,22.0,0.4375,16.0,-0.2910160651523551
Jamey Chadwell,47.0,32.333333333333336,28.666666666666668,3.666666666666668,0.2653061224489796,0.34210526315789475,-0.07679914070891514,0.34285714285714286,35.0,2.595744680851064,3.0,13.0,0.5294117647058824,17.0,-0.2996262560161506
Brent Brennan,51.0,30.8125,27.42222222222222,3.3902777777777793,0.29347826086956524,0.5225362872421696,-0.22905802637260436,0.6578947368421053,38.0,1.9607843137254901,8.0,14.0,0.5454545454545454,11.0,-0.3614366309598185
Chip Kelly,40.0,28.45,23.75,4.699999999999999,0.2732919254658385,0.4032258064516129,-0.12993388098577435,0.3548387096774194,31.0,2.425,7.0,11.0,0.5714285714285714,7.0,-0.38329296737385965
Spencer Danielson,34.0,30.0,27.2,2.8000000000000007,0.2922077922077922,0.4,-0.10779220779220783,0.32142857142857145,28.0,2.8529411764705883,0.0,11.0,0.6,15.0,-0.39015010586402976
Dave Clawson,39.0,30.833333333333332,21.8,9.033333333333331,0.33707865168539325,0.4786885245901639,-0.14160987290477067,0.6388888888888888,36.0,2.5384615384615383,7.0,11.0,0.45454545454545453,11.0,-0.40361035947219215
Kane Wommack,40.0,29.17857142857143,26.0,3.1785714285714306,0.3463687150837989,0.45699614890885754,-0.11062743382505863,0.32653061224489793,49.0,2.5,3.0,11.0,0.8,10.0,-0.4103624520282468
Sean Lewis,30.0,34.5625,22.142857142857142,12.419642857142858,0.23943661971830985,0.3968105065666041,-0.15737388684829426,0.5714285714285714,14.0,3.1,10.0,11.0,0.46153846153846156,13.0,-0.4177693867464183
Dave Doeren,49.0,31.0,28.833333333333332,2.166666666666668,0.35121951219512193,0.47888283378746593,-0.127663321592344,0.3953488372093023,43.0,1.8571428571428572,5.0,12.0,0.5,10.0,-0.45504141979426127
Mike Gundy,43.0,27.607142857142858,23.477272727272727,4.129870129870131,0.3161290322580645,0.5134431916738942,-0.1973141594158297,0.45454545454545453,33.0,2.5813953488372094,4.0,10.0,0.3125,16.0,-0.5068567519105682
Mike Locksley,57.0,28.65277777777778,25.571428571428573,3.0813492063492056,0.3771186440677966,0.5628458498023715,-0.1857272057345749,0.3793103448275862,58.0,2.4035087719298245,3.0,16.0,0.5454545454545454,22.0,-0.5922750488214892
Dan Mullen,35.0,28.25,27.0,1.25,0.3442622950819672,0.4823529411764706,-0.1380906460945034,0.5416666666666666,24.0,1.5714285714285714,0.0,7.0,0.6666666666666666,6.0,-0.6132139181769237
Ricky Rahne,41.0,30.0,25.0,5.0,0.23756906077348067,0.4426605504587156,-0.20509148968523494,0.18181818181818182,11.0,2.902439024390244,7.0,10.0,0.35,20.0,-0.616864085619757
Bret Bielema,38.0,34.2,26.92857142857143,7.271428571428572,0.21511627906976744,0.4203691045796309,-0.20525282550986346,0.7037037037037037,27.0,2.263157894736842,4.0,13.0,0.4166666666666667,12.0,-0.6287350216669643
Mike Elko,53.0,31.0,27.75,3.25,0.3482587064676617,0.43137254901960786,-0.08311384255194615,0.18421052631578946,38.0,2.4716981132075473,0.0,19.0,0.5833333333333334,12.0,-0.6517704120588952
Kirk Ferentz,52.0,31.8,28.75,3.0500000000000007,0.26666666666666666,0.3724340175953079,-0.10576735092864126,0.4772727272727273,44.0,1.6923076923076923,0.0,17.0,0.47058823529411764,17.0,-0.6858601133973068
Sonny Dykes,61.0,29.666666666666668,23.25,6.416666666666668,0.3562231759656652,0.524349566377585,-0.1681263904119198,0.37142857142857144,70.0,2.721311475409836,2.0,20.0,0.5,16.0,-0.7377730130285861
Kalani Sitake,37.0,33.666666666666664,27.7125,5.954166666666666,0.24444444444444444,0.486712224753227,-0.24226778030878257,0.7619047619047619,21.0,1.7837837837837838,3.0,14.0,0.5,24.0,-0.8016604737610548
Sam Pittman,33.0,32.166666666666664,25.2,6.966666666666665,0.25396825396825395,0.38580527752502275,-0.1318370235567688,0.3684210526315789,19.0,2.090909090909091,3.0,11.0,0.46153846153846156,13.0,-0.8775843578646398
Jeff Traylor,79.0,29.25,23.11111111111111,6.138888888888889,0.3509933774834437,0.4993368700265252,-0.1483434925430815,0.2413793103448276,58.0,2.3037974683544302,0.0,24.0,0.45454545454545453,22.0,-1.0615934102098623
Andy Avalos,40.0,30.818181818181817,25.0,5.818181818181817,0.19767441860465115,0.3872901678657074,-0.18961574926105626,0.23076923076923078,13.0,2.175,3.0,13.0,0.3,10.0,-1.0643733338994856
Rick Stockstill,36.0,34.57142857142857,24.416666666666664,10.154761904761905,0.2786885245901639,0.5437908496732026,-0.26510232508303866,0.6666666666666666,24.0,1.8611111111111112,7.0,11.0,0.5333333333333333,15.0,-1.06682273751878
Tim Albin,38.0,34.416666666666664,28.916666666666668,5.4999999999999964,0.2532467532467532,0.4257925072046109,-0.1725457539578577,0.42857142857142855,14.0,1.7105263157894737,0.0,14.0,0.3333333333333333,9.0,-1.1076142825702557
Chuck Martin,34.0,37.888888888888886,29.38095238095238,8.507936507936506,0.11724137931034483,0.4691075514874142,-0.35186617217706934,,8.0,2.823529411764706,1.5,14.0,0.46153846153846156,13.0,-1.672483474231265
